--
-- PostgreSQL database dump
--

-- Dumped from database version 15.13 (Debian 15.13-1.pgdg120+1)
-- Dumped by pg_dump version 15.13 (Debian 15.13-1.pgdg120+1)

SET statement_timeout = 0;
SET lock_timeout = 0;
SET idle_in_transaction_session_timeout = 0;
SET client_encoding = 'UTF8';
SET standard_conforming_strings = on;
SELECT pg_catalog.set_config('search_path', '', false);
SET check_function_bodies = false;
SET xmloption = content;
SET client_min_messages = warning;
SET row_security = off;

--
-- Name: public; Type: SCHEMA; Schema: -; Owner: gamestation_db_user
--

-- *not* creating schema, since initdb creates it


ALTER SCHEMA public OWNER TO gamestation_db_user;

SET default_tablespace = '';

SET default_table_access_method = heap;

--
-- Name: analista; Type: TABLE; Schema: public; Owner: gamestation_db_user
--

CREATE TABLE public.analista (
    id bigint NOT NULL,
    descripcion character varying(255),
    experiencia_laboral character varying(255),
    noticias_publicadas integer,
    id_usuario bigint NOT NULL
);


ALTER TABLE public.analista OWNER TO gamestation_db_user;

--
-- Name: analista_id_seq; Type: SEQUENCE; Schema: public; Owner: gamestation_db_user
--

ALTER TABLE public.analista ALTER COLUMN id ADD GENERATED BY DEFAULT AS IDENTITY (
    SEQUENCE NAME public.analista_id_seq
    START WITH 1
    INCREMENT BY 1
    NO MINVALUE
    NO MAXVALUE
    CACHE 1
);


--
-- Name: categorias; Type: TABLE; Schema: public; Owner: gamestation_db_user
--

CREATE TABLE public.categorias (
    id bigint NOT NULL,
    nombre character varying(255)
);


ALTER TABLE public.categorias OWNER TO gamestation_db_user;

--
-- Name: categorias_id_seq; Type: SEQUENCE; Schema: public; Owner: gamestation_db_user
--

ALTER TABLE public.categorias ALTER COLUMN id ADD GENERATED BY DEFAULT AS IDENTITY (
    SEQUENCE NAME public.categorias_id_seq
    START WITH 1
    INCREMENT BY 1
    NO MINVALUE
    NO MAXVALUE
    CACHE 1
);


--
-- Name: comentarios; Type: TABLE; Schema: public; Owner: gamestation_db_user
--

CREATE TABLE public.comentarios (
    id bigint NOT NULL,
    contenido character varying(255),
    fecha_creacion timestamp(6) without time zone,
    id_post bigint,
    id_usuario bigint
);


ALTER TABLE public.comentarios OWNER TO gamestation_db_user;

--
-- Name: comentarios_id_seq; Type: SEQUENCE; Schema: public; Owner: gamestation_db_user
--

ALTER TABLE public.comentarios ALTER COLUMN id ADD GENERATED BY DEFAULT AS IDENTITY (
    SEQUENCE NAME public.comentarios_id_seq
    START WITH 1
    INCREMENT BY 1
    NO MINVALUE
    NO MAXVALUE
    CACHE 1
);


--
-- Name: etiquetas; Type: TABLE; Schema: public; Owner: gamestation_db_user
--

CREATE TABLE public.etiquetas (
    id bigint NOT NULL,
    nombre character varying(255)
);


ALTER TABLE public.etiquetas OWNER TO gamestation_db_user;

--
-- Name: etiquetas_id_seq; Type: SEQUENCE; Schema: public; Owner: gamestation_db_user
--

ALTER TABLE public.etiquetas ALTER COLUMN id ADD GENERATED BY DEFAULT AS IDENTITY (
    SEQUENCE NAME public.etiquetas_id_seq
    START WITH 1
    INCREMENT BY 1
    NO MINVALUE
    NO MAXVALUE
    CACHE 1
);


--
-- Name: genero; Type: TABLE; Schema: public; Owner: gamestation_db_user
--

CREATE TABLE public.genero (
    id bigint NOT NULL,
    nombre character varying(255)
);


ALTER TABLE public.genero OWNER TO gamestation_db_user;

--
-- Name: genero_id_seq; Type: SEQUENCE; Schema: public; Owner: gamestation_db_user
--

ALTER TABLE public.genero ALTER COLUMN id ADD GENERATED BY DEFAULT AS IDENTITY (
    SEQUENCE NAME public.genero_id_seq
    START WITH 1
    INCREMENT BY 1
    NO MINVALUE
    NO MAXVALUE
    CACHE 1
);


--
-- Name: idiomas; Type: TABLE; Schema: public; Owner: gamestation_db_user
--

CREATE TABLE public.idiomas (
    id bigint NOT NULL,
    nombre character varying(255)
);


ALTER TABLE public.idiomas OWNER TO gamestation_db_user;

--
-- Name: idiomas_id_seq; Type: SEQUENCE; Schema: public; Owner: gamestation_db_user
--

ALTER TABLE public.idiomas ALTER COLUMN id ADD GENERATED BY DEFAULT AS IDENTITY (
    SEQUENCE NAME public.idiomas_id_seq
    START WITH 1
    INCREMENT BY 1
    NO MINVALUE
    NO MAXVALUE
    CACHE 1
);


--
-- Name: multimedia; Type: TABLE; Schema: public; Owner: gamestation_db_user
--

CREATE TABLE public.multimedia (
    id bigint NOT NULL,
    descripcion character varying(255),
    fecha_subida timestamp(6) without time zone,
    nombre character varying(255),
    tipo_contenido character varying(255),
    url character varying(255)
);


ALTER TABLE public.multimedia OWNER TO gamestation_db_user;

--
-- Name: multimedia_id_seq; Type: SEQUENCE; Schema: public; Owner: gamestation_db_user
--

ALTER TABLE public.multimedia ALTER COLUMN id ADD GENERATED BY DEFAULT AS IDENTITY (
    SEQUENCE NAME public.multimedia_id_seq
    START WITH 1
    INCREMENT BY 1
    NO MINVALUE
    NO MAXVALUE
    CACHE 1
);


--
-- Name: notas; Type: TABLE; Schema: public; Owner: gamestation_db_user
--

CREATE TABLE public.notas (
    id bigint NOT NULL,
    nombre character varying(255)
);


ALTER TABLE public.notas OWNER TO gamestation_db_user;

--
-- Name: plataforma; Type: TABLE; Schema: public; Owner: gamestation_db_user
--

CREATE TABLE public.plataforma (
    id bigint NOT NULL,
    nombre character varying(255)
);


ALTER TABLE public.plataforma OWNER TO gamestation_db_user;

--
-- Name: plataforma_id_seq; Type: SEQUENCE; Schema: public; Owner: gamestation_db_user
--

ALTER TABLE public.plataforma ALTER COLUMN id ADD GENERATED BY DEFAULT AS IDENTITY (
    SEQUENCE NAME public.plataforma_id_seq
    START WITH 1
    INCREMENT BY 1
    NO MINVALUE
    NO MAXVALUE
    CACHE 1
);


--
-- Name: post_categorias; Type: TABLE; Schema: public; Owner: gamestation_db_user
--

CREATE TABLE public.post_categorias (
    id_categoria bigint NOT NULL,
    id_post bigint NOT NULL
);


ALTER TABLE public.post_categorias OWNER TO gamestation_db_user;

--
-- Name: posts; Type: TABLE; Schema: public; Owner: gamestation_db_user
--

CREATE TABLE public.posts (
    id bigint NOT NULL,
    contenido text,
    descripcion character varying(255),
    fecha_publicacion date,
    subtitulo character varying(255),
    tipo character varying(255),
    titulo character varying(255),
    id_usuario bigint,
    id_videojuego bigint,
    imagen_contenido_id bigint,
    miniatura_id bigint,
    portada_id bigint,
    imagen_contenido1_id bigint,
    imagen_contenido2_id bigint,
    imagen_contenido3_id bigint
);


ALTER TABLE public.posts OWNER TO gamestation_db_user;

--
-- Name: posts_etiquetas; Type: TABLE; Schema: public; Owner: gamestation_db_user
--

CREATE TABLE public.posts_etiquetas (
    id_etiqueta bigint NOT NULL,
    id_post bigint NOT NULL
);


ALTER TABLE public.posts_etiquetas OWNER TO gamestation_db_user;

--
-- Name: posts_id_seq; Type: SEQUENCE; Schema: public; Owner: gamestation_db_user
--

ALTER TABLE public.posts ALTER COLUMN id ADD GENERATED BY DEFAULT AS IDENTITY (
    SEQUENCE NAME public.posts_id_seq
    START WITH 1
    INCREMENT BY 1
    NO MINVALUE
    NO MAXVALUE
    CACHE 1
);


--
-- Name: posts_multimedia; Type: TABLE; Schema: public; Owner: gamestation_db_user
--

CREATE TABLE public.posts_multimedia (
    multimedia_id bigint NOT NULL,
    post_id bigint NOT NULL,
    rol character varying(255)
);


ALTER TABLE public.posts_multimedia OWNER TO gamestation_db_user;

--
-- Name: reacciones; Type: TABLE; Schema: public; Owner: gamestation_db_user
--

CREATE TABLE public.reacciones (
    id bigint NOT NULL,
    fecha_creacion timestamp(6) without time zone,
    tipo character varying(255),
    id_post bigint,
    id_usuario bigint
);


ALTER TABLE public.reacciones OWNER TO gamestation_db_user;

--
-- Name: reacciones_id_seq; Type: SEQUENCE; Schema: public; Owner: gamestation_db_user
--

ALTER TABLE public.reacciones ALTER COLUMN id ADD GENERATED BY DEFAULT AS IDENTITY (
    SEQUENCE NAME public.reacciones_id_seq
    START WITH 1
    INCREMENT BY 1
    NO MINVALUE
    NO MAXVALUE
    CACHE 1
);


--
-- Name: roles; Type: TABLE; Schema: public; Owner: gamestation_db_user
--

CREATE TABLE public.roles (
    id bigint NOT NULL,
    rol character varying(255)
);


ALTER TABLE public.roles OWNER TO gamestation_db_user;

--
-- Name: roles_id_seq; Type: SEQUENCE; Schema: public; Owner: gamestation_db_user
--

ALTER TABLE public.roles ALTER COLUMN id ADD GENERATED BY DEFAULT AS IDENTITY (
    SEQUENCE NAME public.roles_id_seq
    START WITH 1
    INCREMENT BY 1
    NO MINVALUE
    NO MAXVALUE
    CACHE 1
);


--
-- Name: usuarios; Type: TABLE; Schema: public; Owner: gamestation_db_user
--

CREATE TABLE public.usuarios (
    id bigint NOT NULL,
    apellidos character varying(255),
    dni character varying(255),
    email character varying(255),
    fecha_nacimiento date,
    imagen character varying(255),
    nombre character varying(255),
    password character varying(255),
    id_rol bigint
);


ALTER TABLE public.usuarios OWNER TO gamestation_db_user;

--
-- Name: usuarios_id_seq; Type: SEQUENCE; Schema: public; Owner: gamestation_db_user
--

ALTER TABLE public.usuarios ALTER COLUMN id ADD GENERATED BY DEFAULT AS IDENTITY (
    SEQUENCE NAME public.usuarios_id_seq
    START WITH 1
    INCREMENT BY 1
    NO MINVALUE
    NO MAXVALUE
    CACHE 1
);


--
-- Name: videojuegos; Type: TABLE; Schema: public; Owner: gamestation_db_user
--

CREATE TABLE public.videojuegos (
    id bigint NOT NULL,
    compania character varying(255),
    descripcion character varying(255),
    duracion integer,
    imagen character varying(255),
    jugadores integer,
    lanzamiento date,
    titulo character varying(255)
);


ALTER TABLE public.videojuegos OWNER TO gamestation_db_user;

--
-- Name: videojuegos_genero; Type: TABLE; Schema: public; Owner: gamestation_db_user
--

CREATE TABLE public.videojuegos_genero (
    id_genero bigint NOT NULL,
    id_videojuego bigint NOT NULL
);


ALTER TABLE public.videojuegos_genero OWNER TO gamestation_db_user;

--
-- Name: videojuegos_id_seq; Type: SEQUENCE; Schema: public; Owner: gamestation_db_user
--

ALTER TABLE public.videojuegos ALTER COLUMN id ADD GENERATED BY DEFAULT AS IDENTITY (
    SEQUENCE NAME public.videojuegos_id_seq
    START WITH 1
    INCREMENT BY 1
    NO MINVALUE
    NO MAXVALUE
    CACHE 1
);


--
-- Name: videojuegos_idioma; Type: TABLE; Schema: public; Owner: gamestation_db_user
--

CREATE TABLE public.videojuegos_idioma (
    id_idioma bigint NOT NULL,
    id_videojuego bigint NOT NULL
);


ALTER TABLE public.videojuegos_idioma OWNER TO gamestation_db_user;

--
-- Name: videojuegos_multimedia; Type: TABLE; Schema: public; Owner: gamestation_db_user
--

CREATE TABLE public.videojuegos_multimedia (
    multimedia_id bigint NOT NULL,
    videojuego_id bigint NOT NULL
);


ALTER TABLE public.videojuegos_multimedia OWNER TO gamestation_db_user;

--
-- Name: videojuegos_plataforma; Type: TABLE; Schema: public; Owner: gamestation_db_user
--

CREATE TABLE public.videojuegos_plataforma (
    id_plataforma bigint NOT NULL,
    id_videojuego bigint NOT NULL
);


ALTER TABLE public.videojuegos_plataforma OWNER TO gamestation_db_user;

--
-- Data for Name: analista; Type: TABLE DATA; Schema: public; Owner: gamestation_db_user
--

COPY public.analista (id, descripcion, experiencia_laboral, noticias_publicadas, id_usuario) FROM stdin;
4	Analista freelance	5 a├▒os en blogs	0	8
1	Analista de videojuego de fantas├¡a medievales	10 a├▒os en prensa	3	5
2	Especialista en an├ílisis	8 a├▒os en revistas	3	6
3	Redactor senior	12 a├▒os en sector	3	7
\.


--
-- Data for Name: categorias; Type: TABLE DATA; Schema: public; Owner: gamestation_db_user
--

COPY public.categorias (id, nombre) FROM stdin;
\.


--
-- Data for Name: comentarios; Type: TABLE DATA; Schema: public; Owner: gamestation_db_user
--

COPY public.comentarios (id, contenido, fecha_creacion, id_post, id_usuario) FROM stdin;
\.


--
-- Data for Name: etiquetas; Type: TABLE DATA; Schema: public; Owner: gamestation_db_user
--

COPY public.etiquetas (id, nombre) FROM stdin;
\.


--
-- Data for Name: genero; Type: TABLE DATA; Schema: public; Owner: gamestation_db_user
--

COPY public.genero (id, nombre) FROM stdin;
\.


--
-- Data for Name: idiomas; Type: TABLE DATA; Schema: public; Owner: gamestation_db_user
--

COPY public.idiomas (id, nombre) FROM stdin;
\.


--
-- Data for Name: multimedia; Type: TABLE DATA; Schema: public; Owner: gamestation_db_user
--

COPY public.multimedia (id, descripcion, fecha_subida, nombre, tipo_contenido, url) FROM stdin;
216	\N	\N	Final Fantasy VII Remake (9)	image	https://res.cloudinary.com/dr0lc3jsc/image/upload/v1749472819/h1zrtkklnqsuw2xlaymw.png
217	\N	\N	Final Fantasy VII Remake (5)	image	https://res.cloudinary.com/dr0lc3jsc/image/upload/v1749472818/simfltwrn1gqlhsgh2jf.png
218	\N	\N	Final Fantasy VII Remake (6)	image	https://res.cloudinary.com/dr0lc3jsc/image/upload/v1749472819/ozes4yxyhyj90mdvstgl.png
219	\N	\N	Final Fantasy VII Remake (7)	image	https://res.cloudinary.com/dr0lc3jsc/image/upload/v1749472819/rhh9wc4u6avx5cmyafam.png
220	\N	\N	Final Fantasy VII Remake (8)	image	https://res.cloudinary.com/dr0lc3jsc/image/upload/v1749472819/paqifbvucy2nv7bcmjyf.png
221	\N	\N	Final Fantasy XVI (48)	image	https://res.cloudinary.com/dr0lc3jsc/image/upload/v1749473682/s8odybpkiqootpupxmb9.jpg
222	\N	\N	Final Fantasy XVI (4)	image	https://res.cloudinary.com/dr0lc3jsc/image/upload/v1749473682/ujr3yvdqtbk0lthvvjz7.jpg
223	\N	\N	Final Fantasy XVI (57)	image	https://res.cloudinary.com/dr0lc3jsc/image/upload/v1749473683/yknesalfh6ajehgtbafs.jpg
224	\N	\N	Final Fantasy XVI (39)	image	https://res.cloudinary.com/dr0lc3jsc/image/upload/v1749473683/hmhaqb22aejql4bdnkiq.jpg
225	\N	\N	Final Fantasy XVI (40)	image	https://res.cloudinary.com/dr0lc3jsc/image/upload/v1749473683/nnjqz6pv4jdy37mohf0b.jpg
226	\N	\N	God of War Ragnarok 04	image	https://res.cloudinary.com/dr0lc3jsc/image/upload/v1749473958/ny9snc6zht4jccl6sxce.jpg
227	\N	\N	God of War Ragnarok 06	image	https://res.cloudinary.com/dr0lc3jsc/image/upload/v1749473958/raoo5wxwvu1loymndpj9.jpg
228	\N	\N	God of War Ragnarok 03+	image	https://res.cloudinary.com/dr0lc3jsc/image/upload/v1749473958/aribdgjw3azxtzscrffq.jpg
229	\N	\N	God of War Ragnarok 02	image	https://res.cloudinary.com/dr0lc3jsc/image/upload/v1749473958/lj7umc7ynvd41f1do1fc.jpg
230	\N	\N	God of War Ragnarok 05	image	https://res.cloudinary.com/dr0lc3jsc/image/upload/v1749473958/zuesd5qljhsan9xp4dpb.jpg
231	\N	\N	Baldur's Gate 3 - 05	image	https://res.cloudinary.com/dr0lc3jsc/image/upload/v1749474059/m3np5gef5cxy4leud3ar.jpg
232	\N	\N	Baldur's Gate 3 - 03	image	https://res.cloudinary.com/dr0lc3jsc/image/upload/v1749474059/xkuptmq2vnqurdgcdqu6.png
233	\N	\N	Baldur's Gate 3 - 02	image	https://res.cloudinary.com/dr0lc3jsc/image/upload/v1749474059/qommscfeajzllwthzcdk.png
234	\N	\N	Baldur's Gate 3 - 07	image	https://res.cloudinary.com/dr0lc3jsc/image/upload/v1749474179/yi64ufd9euye8bftvbsm.jpg
235	\N	\N	Baldur's Gate 3 - 10	image	https://res.cloudinary.com/dr0lc3jsc/image/upload/v1749474179/is4mipwbgq7prheaypt8.jpg
236	\N	\N	Elden Ring (98)	image	https://res.cloudinary.com/dr0lc3jsc/image/upload/v1749474194/znzgrfszzctqasti5vj7.jpg
237	\N	\N	Elden Ring (72)	image	https://res.cloudinary.com/dr0lc3jsc/image/upload/v1749474194/t2jkqwkdxjikozjkxc5i.jpg
238	\N	\N	Elden Ring (97)	image	https://res.cloudinary.com/dr0lc3jsc/image/upload/v1749474194/gir9nmpnlpzbwdabzbfr.jpg
239	\N	\N	Starfield (2)	image	https://res.cloudinary.com/dr0lc3jsc/image/upload/v1749474614/xotjwfrx8sn8woflentl.jpg
240	\N	\N	Starfield (3)	image	https://res.cloudinary.com/dr0lc3jsc/image/upload/v1749474614/pzsktrto33h4iquljpca.jpg
241	\N	\N	Starfield (1)	image	https://res.cloudinary.com/dr0lc3jsc/image/upload/v1749474614/gzx44lfjdhuryd4bvhvp.png
242	\N	\N	Assasssin's Creed Valhalla - 02	image	https://res.cloudinary.com/dr0lc3jsc/image/upload/v1749474698/jqdfnm9xagsov39qmvl1.jpg
243	\N	\N	Assasssin's Creed Valhalla - 04	image	https://res.cloudinary.com/dr0lc3jsc/image/upload/v1749474698/tksca9vh9gu6mlw1rma1.jpg
244	\N	\N	Assasssin's Creed Valhalla - 03	image	https://res.cloudinary.com/dr0lc3jsc/image/upload/v1749474698/hvabognecl01sgrnreuw.jpg
245	\N	\N	Cyberpunk 2077 (6)	image	https://res.cloudinary.com/dr0lc3jsc/image/upload/v1749474873/gfbmhyimqsbfnsqttglo.jpg
246	\N	\N	Cyberpunk 2077 (1)	image	https://res.cloudinary.com/dr0lc3jsc/image/upload/v1749474873/zicqpbnwydzlrufgdbxw.jpg
247	\N	\N	Cyberpunk 2077 (5)	image	https://res.cloudinary.com/dr0lc3jsc/image/upload/v1749474873/bymdzjttpkmfe9knxacb.jpg
248	\N	\N	Cyberpunk 2077 (1)	image	https://res.cloudinary.com/dr0lc3jsc/image/upload/v1749474874/ovnuhvgdjtwmqpv67m6b.png
249	\N	\N	Cyberpunk 2077 (7)	image	https://res.cloudinary.com/dr0lc3jsc/image/upload/v1749474874/paqdyb5pjscq9vmzjemh.jpg
250	\N	\N	Resident Evil 4 Remake - 04	image	https://res.cloudinary.com/dr0lc3jsc/image/upload/v1749475074/nl3jpxxyxkomrtbked67.jpg
251	\N	\N	\N	\N	\N
252	\N	\N	Resident Evil 4 Remake - 01	image	https://res.cloudinary.com/dr0lc3jsc/image/upload/v1749475074/kyvordptuhc1a3dgc8bt.png
253	\N	\N	\N	\N	\N
254	\N	\N	Resident Evil 4 Remake - 03	image	https://res.cloudinary.com/dr0lc3jsc/image/upload/v1749475074/pmnzdvg1gp8eiy1cujlc.png
255	\N	\N	Resident Evil 4 Remake - 10	image	https://res.cloudinary.com/dr0lc3jsc/image/upload/v1749475085/qtwenl5yfqxauwdse7si.jpg
256	\N	\N	Resident Evil 4 Remake - 08	image	https://res.cloudinary.com/dr0lc3jsc/image/upload/v1749475085/hddrmdpznawxosukigng.png
257	\N	\N	Little Nightmares - 04	image	https://res.cloudinary.com/dr0lc3jsc/image/upload/v1749475151/dqh6edauo8euwpkkdgmi.jpg
258	\N	\N	Little Nightmares - 01	image	https://res.cloudinary.com/dr0lc3jsc/image/upload/v1749475151/vtkz9mxqmskzn5azydci.jpg
259	\N	\N	Little Nightmares - 05	image	https://res.cloudinary.com/dr0lc3jsc/image/upload/v1749475150/uo37jh6ve27nu0y0cyze.jpg
260	\N	\N	Little Nightmares - 02	image	https://res.cloudinary.com/dr0lc3jsc/image/upload/v1749475150/onlprxuexdy1auibvbw2.jpg
261	\N	\N	Little Nightmares - 03	image	https://res.cloudinary.com/dr0lc3jsc/image/upload/v1749475151/uebfxr4uyvkz3cejw7nq.jpg
262	\N	\N	Resident Remake (31)	image	https://res.cloudinary.com/dr0lc3jsc/image/upload/v1749476689/meuszoplmqzvmkyzxlnr.jpg
263	\N	\N	Resident Remake (34)	image	https://res.cloudinary.com/dr0lc3jsc/image/upload/v1749476689/kxavudlxbuymj0iksuoj.jpg
264	\N	\N	Resident Remake (19)	image	https://res.cloudinary.com/dr0lc3jsc/image/upload/v1749476689/dmyy9hv6uqjp2raqkl9u.jpg
265	\N	\N	Resident Remake (11)	image	https://res.cloudinary.com/dr0lc3jsc/image/upload/v1749476689/bgqhtw28uqdkthgzpprr.jpg
266	\N	\N	Resident Remake (15)	image	https://res.cloudinary.com/dr0lc3jsc/image/upload/v1749476689/shx4c1jakwstvfamhmwj.jpg
267	\N	\N	Resident Evil 2 Remake (57)	image	https://res.cloudinary.com/dr0lc3jsc/image/upload/v1749476759/ebvfcl8okd2jomqwyk36.jpg
268	\N	\N	Resident Evil 2 Remake (77)	image	https://res.cloudinary.com/dr0lc3jsc/image/upload/v1749476759/t9hfhrg326faoeoivz4m.jpg
269	\N	\N	Resident Evil 2 Remake (7)	image	https://res.cloudinary.com/dr0lc3jsc/image/upload/v1749476759/uctjxggxpfqn2v5detrj.jpg
270	\N	\N	Resident Evil 2 Remake (21)	image	https://res.cloudinary.com/dr0lc3jsc/image/upload/v1749476759/dw7eui9i3yiinftxb19j.jpg
271	\N	\N	Resident Evil 2 Remake (1)	image	https://res.cloudinary.com/dr0lc3jsc/image/upload/v1749476760/hm7feh9evrkolnvhkdus.jpg
272	\N	\N	Little Nightmares II (2)	image	https://res.cloudinary.com/dr0lc3jsc/image/upload/v1749476883/jpvfcfxv6ikyb2qyqofp.jpg
273	\N	\N	Little Nightmares II (7)	image	https://res.cloudinary.com/dr0lc3jsc/image/upload/v1749476883/jidwhzhsf80kai2tubdh.jpg
274	\N	\N	Little Nightmares II (16)	image	https://res.cloudinary.com/dr0lc3jsc/image/upload/v1749476883/hnpzwcyjkixijykhyxbr.jpg
275	\N	\N	Jak and Daxter (4)	image	https://res.cloudinary.com/dr0lc3jsc/image/upload/v1749476950/vgvuw5meae8ltz1iyxc2.png
276	\N	\N	Jak and Daxter (3)	image	https://res.cloudinary.com/dr0lc3jsc/image/upload/v1749476950/h1f9tynzifv8tmzq5i4e.jpg
277	\N	\N	Jak and Daxter (2)	image	https://res.cloudinary.com/dr0lc3jsc/image/upload/v1749476950/mywhdvv2zsv7mtaxojvx.jpg
279	\N	\N	Jak and Daxter (3)	image	https://res.cloudinary.com/dr0lc3jsc/image/upload/v1749476951/ph3zazwewlwtuexmkpc1.png
283	\N	\N	A Plague Tale Requiem (15)	image	https://res.cloudinary.com/dr0lc3jsc/image/upload/v1749477093/fmxr660lmt25hgipr3k1.jpg
284	\N	\N	A Plague Tale Requiem (60)	image	https://res.cloudinary.com/dr0lc3jsc/image/upload/v1749477094/ejoqistcgieintpifb8i.jpg
286	\N	\N	Red Dead Redemption 01	image	https://res.cloudinary.com/dr0lc3jsc/image/upload/v1749477184/prfjbewdihw65emkmrrh.jpg
287	\N	\N	Red Dead Redemption 02	image	https://res.cloudinary.com/dr0lc3jsc/image/upload/v1749477184/jetfhw8h8oi0skhtbnf2.jpg
288	\N	\N	Red Dead Redemption 03	image	https://res.cloudinary.com/dr0lc3jsc/image/upload/v1749477185/bbpyq7c8giyv0x0vo85f.jpg
289	\N	\N	Medievil 01	image	https://res.cloudinary.com/dr0lc3jsc/image/upload/v1749477286/l6gb4pgzv6m64ojsxvrv.jpg
290	\N	\N	Medievil 05	image	https://res.cloudinary.com/dr0lc3jsc/image/upload/v1749477286/sqzfjicdeupblx9ybphr.jpg
292	\N	\N	Medievil 02	image	https://res.cloudinary.com/dr0lc3jsc/image/upload/v1749477286/inrd5msnwweztbc5cbxf.jpg
294	\N	\N	Crash Bandicoot - 12	image	https://res.cloudinary.com/dr0lc3jsc/image/upload/v1749477496/gaauemiwbskalh5kgxx9.jpg
295	\N	\N	Crash Bandicoot - 13	image	https://res.cloudinary.com/dr0lc3jsc/image/upload/v1749477496/rlprwn3bcwnqvniloori.jpg
297	\N	\N	Crash Bandicoot - 14	image	https://res.cloudinary.com/dr0lc3jsc/image/upload/v1749477496/kqe7qzprm6lpddmzwkif.jpg
299	\N	\N	Lost Planet 2 (12)	image	https://res.cloudinary.com/dr0lc3jsc/image/upload/v1749477578/ni75afb1vhmnhouou5vr.jpg
300	\N	\N	Lost Planet 2 (13)	image	https://res.cloudinary.com/dr0lc3jsc/image/upload/v1749477578/mibtwxaneulociki2jz4.jpg
301	\N	\N	Lost Planet 2 (15)	image	https://res.cloudinary.com/dr0lc3jsc/image/upload/v1749477578/gr0yofufv7clmdfiqfsh.jpg
304	\N	\N	The Evil Within 2 (5)	image	https://res.cloudinary.com/dr0lc3jsc/image/upload/v1749477666/tak9nboyv3glcicbh1b6.jpg
305	\N	\N	The Evil Within 2 (6)	image	https://res.cloudinary.com/dr0lc3jsc/image/upload/v1749477666/ipyjjonwamt4vpcwgklz.jpg
306	\N	\N	The Evil Within 2 (3)	image	https://res.cloudinary.com/dr0lc3jsc/image/upload/v1749477666/q3ihyt3jttnbyentn7jf.jpg
307	\N	\N	The Evil Within 2 (9)	image	https://res.cloudinary.com/dr0lc3jsc/image/upload/v1749477676/bpv618cohbvw6rktgvq0.jpg
308	\N	\N	Mass Effect (12)	image	https://res.cloudinary.com/dr0lc3jsc/image/upload/v1749477793/ov4o2wrrrnizg6cfiuhn.jpg
310	\N	\N	Mass Effect (15)	image	https://res.cloudinary.com/dr0lc3jsc/image/upload/v1749477793/nde1co4rzzapkv6uqg6f.jpg
311	\N	\N	Mass Effect (2)	image	https://res.cloudinary.com/dr0lc3jsc/image/upload/v1749477793/yyzhsavebgvzfqbomepx.jpg
313	\N	\N	Breath of the Wild 14	image	https://res.cloudinary.com/dr0lc3jsc/image/upload/v1749477885/nh3xkyvear94srinus6w.jpg
314	\N	\N	Breath of the Wild 02	image	https://res.cloudinary.com/dr0lc3jsc/image/upload/v1749477885/wkpinqgoaepz4boy5dey.jpg
316	\N	\N	Breath of the Wild 10	image	https://res.cloudinary.com/dr0lc3jsc/image/upload/v1749477885/igpvxbr3gj0pomn1ot1r.jpg
317	\N	\N	Breath of the Wild 04	image	https://res.cloudinary.com/dr0lc3jsc/image/upload/v1749477886/izpyskp3se2lak4p6rls.png
318	\N	\N	Metal Gear Solid 4 - 10	image	https://res.cloudinary.com/dr0lc3jsc/image/upload/v1749477978/qesr7rg2kilt4waajfnm.jpg
319	\N	\N	Metal Gear Solid 4 - 03	image	https://res.cloudinary.com/dr0lc3jsc/image/upload/v1749477978/yed9gjwjalh4jecajai5.jpg
320	\N	\N	Metal Gear Solid 4 - 09	image	https://res.cloudinary.com/dr0lc3jsc/image/upload/v1749477978/ajbtguxwzsmvfmb5ogwe.jpg
322	\N	\N	Metal Gear Solid 4 - 02	image	https://res.cloudinary.com/dr0lc3jsc/image/upload/v1749477978/gseuhnq19xsvn02z9vqt.jpg
278	\N	\N	Jak and Daxter (5)	image	https://res.cloudinary.com/dr0lc3jsc/image/upload/v1749476951/s8dk5puesl9gxf6mvkr9.jpg
280	\N	\N	A Plague Tale Requiem (67)	image	https://res.cloudinary.com/dr0lc3jsc/image/upload/v1749477093/pqptdxmgrsd54hw9bfrg.jpg
281	\N	\N	A Plague Tale Requiem (68)	image	https://res.cloudinary.com/dr0lc3jsc/image/upload/v1749477093/byunczaheh7e7ptaa39g.jpg
282	\N	\N	A Plague Tale Requiem (23)	image	https://res.cloudinary.com/dr0lc3jsc/image/upload/v1749477093/cebq857yfocmyqwgtrtl.jpg
285	\N	\N	Red Dead Redemption 04	image	https://res.cloudinary.com/dr0lc3jsc/image/upload/v1749477184/gxlqrt5xd5yjwngf0kgi.jpg
291	\N	\N	Medievil 03	image	https://res.cloudinary.com/dr0lc3jsc/image/upload/v1749477286/xzahppv3axiw2tv2bnns.jpg
293	\N	\N	Medievil 04	image	https://res.cloudinary.com/dr0lc3jsc/image/upload/v1749477286/e4sqmf5ezbaibarksnnw.jpg
296	\N	\N	Crash Bandicoot - 15	image	https://res.cloudinary.com/dr0lc3jsc/image/upload/v1749477496/kxcy8vnrdpkyjf7pfkxo.jpg
298	\N	\N	Crash Bandicoot - 16	image	https://res.cloudinary.com/dr0lc3jsc/image/upload/v1749477496/wdwnaifqe07mdpynkm6c.jpg
302	\N	\N	Lost Planet 2 (14)	image	https://res.cloudinary.com/dr0lc3jsc/image/upload/v1749477578/z8w3v9w9dq3oqgd8o087.jpg
303	\N	\N	Lost Planet 2 (16)	image	https://res.cloudinary.com/dr0lc3jsc/image/upload/v1749477578/ikobdzgbx4aoo4c40fy0.jpg
309	\N	\N	Mass Effect (8)	image	https://res.cloudinary.com/dr0lc3jsc/image/upload/v1749477793/mg8bp55dkqvkv4xa0dlp.jpg
312	\N	\N	Mass Effect (14)	image	https://res.cloudinary.com/dr0lc3jsc/image/upload/v1749477798/wywtd7h68a9uacisxlkg.jpg
315	\N	\N	Breath of the Wild 01	image	https://res.cloudinary.com/dr0lc3jsc/image/upload/v1749477885/iyaf9rqxqekj815480po.jpg
321	\N	\N	Metal Gear Solid 4 - 07	image	https://res.cloudinary.com/dr0lc3jsc/image/upload/v1749477978/z4talxpv2dposce7vmju.png
323	\N	\N	Metal Gear Solid V (6)	image	https://res.cloudinary.com/dr0lc3jsc/image/upload/v1749478067/xzjikfy9azwmyosxjywv.jpg
324	\N	\N	Metal Gear Solid V (16)	image	https://res.cloudinary.com/dr0lc3jsc/image/upload/v1749478067/pynlcwjhk0hkryvyhknn.jpg
325	\N	\N	Metal Gear Solid V (10)	image	https://res.cloudinary.com/dr0lc3jsc/image/upload/v1749478067/fk02fhps5577fe7x4fuu.jpg
326	\N	\N	Metal Gear Solid V (5)	image	https://res.cloudinary.com/dr0lc3jsc/image/upload/v1749478067/ekbby6g0jikey83ym71c.jpg
327	\N	\N	Dragon's Dogma - 03	image	https://res.cloudinary.com/dr0lc3jsc/image/upload/v1749478176/apciacbop78pi8yz1orv.jpg
328	\N	\N	Dragon's Dogma - 02	image	https://res.cloudinary.com/dr0lc3jsc/image/upload/v1749478176/szfbxcer9pqbihn3lyzt.jpg
329	\N	\N	Dragon's Dogma - 05	image	https://res.cloudinary.com/dr0lc3jsc/image/upload/v1749478176/o3wu69ccxqr9cpdqewl2.jpg
330	\N	\N	FFXV - 01	image	https://res.cloudinary.com/dr0lc3jsc/image/upload/v1749478267/mncrqzak4dsd3rxhghcu.jpg
331	\N	\N	FFXV - 03	image	https://res.cloudinary.com/dr0lc3jsc/image/upload/v1749478267/lc9atmb4pe2pypjxztxg.jpg
332	\N	\N	FFXV - 02	image	https://res.cloudinary.com/dr0lc3jsc/image/upload/v1749478267/yhtylfvr5ppq0llhh7wn.jpg
333	\N	\N	GTA V - 14	image	https://res.cloudinary.com/dr0lc3jsc/image/upload/v1749478336/t70ihtlv8qilmeh0nuoo.jpg
334	\N	\N	GTA V - 06	image	https://res.cloudinary.com/dr0lc3jsc/image/upload/v1749478336/etkjzmc7gifvqgm0clqf.jpg
335	\N	\N	GTA V - 13	image	https://res.cloudinary.com/dr0lc3jsc/image/upload/v1749478336/ug5jmb2mq7s4rbnmx247.jpg
336	\N	\N	Hogwarts Legacy - 06	image	https://res.cloudinary.com/dr0lc3jsc/image/upload/v1749478419/swsszxq4pamx2xtnzfar.jpg
337	\N	\N	Hogwarts Legacy - 12	image	https://res.cloudinary.com/dr0lc3jsc/image/upload/v1749478419/gj797fuvkmfksyymv9zc.jpg
338	\N	\N	Hogwarts Legacy - 01	image	https://res.cloudinary.com/dr0lc3jsc/image/upload/v1749478419/drv2gqjlmgvurb0yail1.jpg
339	\N	\N	Hogwarts Legacy - 23	image	https://res.cloudinary.com/dr0lc3jsc/image/upload/v1749478419/qkdh41vwoawm8jpmac1b.jpg
340	\N	\N	Hogwarts Legacy - 05	image	https://res.cloudinary.com/dr0lc3jsc/image/upload/v1749478419/c0hctsleey5kmvxxz0fc.jpg
341	\N	\N	Hi-Fi Rush - 01	image	https://res.cloudinary.com/dr0lc3jsc/image/upload/v1749478669/s4x3drrsskxdongokusx.jpg
342	\N	\N	Hi-Fi Rush - 04	image	https://res.cloudinary.com/dr0lc3jsc/image/upload/v1749478670/uuhcb8r7ereabewdxmc0.jpg
343	\N	\N	Hi-Fi Rush - 02	image	https://res.cloudinary.com/dr0lc3jsc/image/upload/v1749478670/ul3zl5xs5kybqhbjfj2s.jpg
344	\N	\N	Hi-Fi Rush - 03	image	https://res.cloudinary.com/dr0lc3jsc/image/upload/v1749478670/bk3nn6qdrobgmf7xbwy5.jpg
\.


--
-- Data for Name: notas; Type: TABLE DATA; Schema: public; Owner: gamestation_db_user
--

COPY public.notas (id, nombre) FROM stdin;
\.


--
-- Data for Name: plataforma; Type: TABLE DATA; Schema: public; Owner: gamestation_db_user
--

COPY public.plataforma (id, nombre) FROM stdin;
\.


--
-- Data for Name: post_categorias; Type: TABLE DATA; Schema: public; Owner: gamestation_db_user
--

COPY public.post_categorias (id_categoria, id_post) FROM stdin;
\.


--
-- Data for Name: posts; Type: TABLE DATA; Schema: public; Owner: gamestation_db_user
--

COPY public.posts (id, contenido, descripcion, fecha_publicacion, subtitulo, tipo, titulo, id_usuario, id_videojuego, imagen_contenido_id, miniatura_id, portada_id, imagen_contenido1_id, imagen_contenido2_id, imagen_contenido3_id) FROM stdin;
67	Ut at orci posuere lectus elementum vulputate et id eros. Donec et egestas ex. Proin malesuada enim id ex aliquet pretium. Curabitur malesuada tempus sem eget malesuada. Nullam sem metus, semper ut lorem sit amet, aliquet aliquam justo. Vestibulum vestibulum congue sem id ultricies. Praesent ut mi mattis, tristique nulla dignissim, ultricies turpis. Maecenas eget nisl sit amet purus rhoncus hendrerit sed nec urna. Maecenas quis tincidunt sapien. Vivamus in dui nec enim rutrum dapibus accumsan ac purus. Curabitur tempus nisl a eros dictum ullamcorper. Praesent rhoncus magna et sapien hendrerit ornare. Pellentesque interdum euismod feugiat. Vestibulum ante ipsum primis in faucibus orci luctus et ultrices posuere cubilia curae; Nam cursus pretium libero, ut rutrum nibh tincidunt ut.\n\nNunc condimentum lobortis mi, vitae tempor eros malesuada in. Sed placerat dignissim erat, ac suscipit ante. Aliquam venenatis dolor rhoncus nulla vestibulum sodales. In finibus, erat in porttitor condimentum, tellus enim porta sapien, at mollis dui arcu fringilla dolor. Nunc dolor erat, pellentesque et felis quis, bibendum gravida velit. Donec elit urna, lobortis et lorem in, suscipit volutpat nulla. Nulla facilisi. Donec varius ipsum mauris, non placerat justo laoreet eget. Donec vitae efficitur lectus, consequat condimentum elit. Donec non nulla porta, eleifend quam eu, aliquet lacus. In condimentum non lacus ac ornare. Donec dapibus dolor nec velit blandit posuere. Vestibulum nec ultricies urna, a malesuada est. Maecenas placerat sed ex id tempus. Vivamus vel est vitae lacus semper gravida. Proin commodo, diam sed laoreet cursus, ante libero aliquet ipsum, non interdum dui sem vel dui.\n\nDuis quis lacinia risus. Integer eget vestibulum ex, eu sodales magna. Mauris suscipit elit et convallis dignissim. Vivamus massa sem, dapibus vitae diam id, venenatis iaculis nibh. Pellentesque vel molestie nisi. Integer quis finibus mauris. Nulla facilisi. Suspendisse potenti. Quisque iaculis ipsum nec gravida molestie. Etiam in dui venenatis, imperdiet eros quis, consectetur elit. Ut sit amet sagittis mauris. Fusce tempus efficitur nibh, ut posuere dolor volutpat in. Donec tellus magna, posuere vitae ultricies vitae, dictum ut odio. Phasellus ornare sit amet nibh vel ultrices. Nunc interdum ac risus quis aliquet. Nam eget rhoncus nisl.	Estamos ante uno de los mejores videojuegos de la historia	2025-06-09	Final Fantasy VII Remake es un videojuego soberbio	analisis	Final Fantasy VII Remake - Analisis	5	\N	\N	217	216	218	219	220
69	Ut at orci posuere lectus elementum vulputate et id eros. Donec et egestas ex. Proin malesuada enim id ex aliquet pretium. Curabitur malesuada tempus sem eget malesuada. Nullam sem metus, semper ut lorem sit amet, aliquet aliquam justo. Vestibulum vestibulum congue sem id ultricies. Praesent ut mi mattis, tristique nulla dignissim, ultricies turpis. Maecenas eget nisl sit amet purus rhoncus hendrerit sed nec urna. Maecenas quis tincidunt sapien. Vivamus in dui nec enim rutrum dapibus accumsan ac purus. Curabitur tempus nisl a eros dictum ullamcorper. Praesent rhoncus magna et sapien hendrerit ornare. Pellentesque interdum euismod feugiat. Vestibulum ante ipsum primis in faucibus orci luctus et ultrices posuere cubilia curae; Nam cursus pretium libero, ut rutrum nibh tincidunt ut.\n\nNunc condimentum lobortis mi, vitae tempor eros malesuada in. Sed placerat dignissim erat, ac suscipit ante. Aliquam venenatis dolor rhoncus nulla vestibulum sodales. In finibus, erat in porttitor condimentum, tellus enim porta sapien, at mollis dui arcu fringilla dolor. Nunc dolor erat, pellentesque et felis quis, bibendum gravida velit. Donec elit urna, lobortis et lorem in, suscipit volutpat nulla. Nulla facilisi. Donec varius ipsum mauris, non placerat justo laoreet eget. Donec vitae efficitur lectus, consequat condimentum elit. Donec non nulla porta, eleifend quam eu, aliquet lacus. In condimentum non lacus ac ornare. Donec dapibus dolor nec velit blandit posuere. Vestibulum nec ultricies urna, a malesuada est. Maecenas placerat sed ex id tempus. Vivamus vel est vitae lacus semper gravida. Proin commodo, diam sed laoreet cursus, ante libero aliquet ipsum, non interdum dui sem vel dui.\n\nDuis quis lacinia risus. Integer eget vestibulum ex, eu sodales magna. Mauris suscipit elit et convallis dignissim. Vivamus massa sem, dapibus vitae diam id, venenatis iaculis nibh. Pellentesque vel molestie nisi. Integer quis finibus mauris. Nulla facilisi. Suspendisse potenti. Quisque iaculis ipsum nec gravida molestie. Etiam in dui venenatis, imperdiet eros quis, consectetur elit. Ut sit amet sagittis mauris. Fusce tempus efficitur nibh, ut posuere dolor volutpat in. Donec tellus magna, posuere vitae ultricies vitae, dictum ut odio. Phasellus ornare sit amet nibh vel ultrices. Nunc interdum ac risus quis aliquet. Nam eget rhoncus nisl.\n\nUt at orci posuere lectus elementum vulputate et id eros. Donec et egestas ex. Proin malesuada enim id ex aliquet pretium. Curabitur malesuada tempus sem eget malesuada. Nullam sem metus, semper ut lorem sit amet, aliquet aliquam justo. Vestibulum vestibulum congue sem id ultricies. Praesent ut mi mattis, tristique nulla dignissim, ultricies turpis. Maecenas eget nisl sit amet purus rhoncus hendrerit sed nec urna. Maecenas quis tincidunt sapien. Vivamus in dui nec enim rutrum dapibus accumsan ac purus. Curabitur tempus nisl a eros dictum ullamcorper. Praesent rhoncus magna et sapien hendrerit ornare. Pellentesque interdum euismod feugiat. Vestibulum ante ipsum primis in faucibus orci luctus et ultrices posuere cubilia curae; Nam cursus pretium libero, ut rutrum nibh tincidunt ut.\n\nNunc condimentum lobortis mi, vitae tempor eros malesuada in. Sed placerat dignissim erat, ac suscipit ante. Aliquam venenatis dolor rhoncus nulla vestibulum sodales. In finibus, erat in porttitor condimentum, tellus enim porta sapien, at mollis dui arcu fringilla dolor. Nunc dolor erat, pellentesque et felis quis, bibendum gravida velit. Donec elit urna, lobortis et lorem in, suscipit volutpat nulla. Nulla facilisi. Donec varius ipsum mauris, non placerat justo laoreet eget. Donec vitae efficitur lectus, consequat condimentum elit. Donec non nulla porta, eleifend quam eu, aliquet lacus. In condimentum non lacus ac ornare. Donec dapibus dolor nec velit blandit posuere. Vestibulum nec ultricies urna, a malesuada est. Maecenas placerat sed ex id tempus. Vivamus vel est vitae lacus semper gravida. Proin commodo, diam sed laoreet cursus, ante libero aliquet ipsum, non interdum dui sem vel dui.\n\nDuis quis lacinia risus. Integer eget vestibulum ex, eu sodales magna. Mauris suscipit elit et convallis dignissim. Vivamus massa sem, dapibus vitae diam id, venenatis iaculis nibh. Pellentesque vel molestie nisi. Integer quis finibus mauris. Nulla facilisi. Suspendisse potenti. Quisque iaculis ipsum nec gravida molestie. Etiam in dui venenatis, imperdiet eros quis, consectetur elit. Ut sit amet sagittis mauris. Fusce tempus efficitur nibh, ut posuere dolor volutpat in. Donec tellus magna, posuere vitae ultricies vitae, dictum ut odio. Phasellus ornare sit amet nibh vel ultrices. Nunc interdum ac risus quis aliquet. Nam eget rhoncus nisl.\n\nUt at orci posuere lectus elementum vulputate et id eros. Donec et egestas ex. Proin malesuada enim id ex aliquet pretium. Curabitur malesuada tempus sem eget malesuada. Nullam sem metus, semper ut lorem sit amet, aliquet aliquam justo. Vestibulum vestibulum congue sem id ultricies. Praesent ut mi mattis, tristique nulla dignissim, ultricies turpis. Maecenas eget nisl sit amet purus rhoncus hendrerit sed nec urna. Maecenas quis tincidunt sapien. Vivamus in dui nec enim rutrum dapibus accumsan ac purus. Curabitur tempus nisl a eros dictum ullamcorper. Praesent rhoncus magna et sapien hendrerit ornare. Pellentesque interdum euismod feugiat. Vestibulum ante ipsum primis in faucibus orci luctus et ultrices posuere cubilia curae; Nam cursus pretium libero, ut rutrum nibh tincidunt ut.\n\nNunc condimentum lobortis mi, vitae tempor eros malesuada in. Sed placerat dignissim erat, ac suscipit ante. Aliquam venenatis dolor rhoncus nulla vestibulum sodales. In finibus, erat in porttitor condimentum, tellus enim porta sapien, at mollis dui arcu fringilla dolor. Nunc dolor erat, pellentesque et felis quis, bibendum gravida velit. Donec elit urna, lobortis et lorem in, suscipit volutpat nulla. Nulla facilisi. Donec varius ipsum mauris, non placerat justo laoreet eget. Donec vitae efficitur lectus, consequat condimentum elit. Donec non nulla porta, eleifend quam eu, aliquet lacus. In condimentum non lacus ac ornare. Donec dapibus dolor nec velit blandit posuere. Vestibulum nec ultricies urna, a malesuada est. Maecenas placerat sed ex id tempus. Vivamus vel est vitae lacus semper gravida. Proin commodo, diam sed laoreet cursus, ante libero aliquet ipsum, non interdum dui sem vel dui.\n\nDuis quis lacinia risus. Integer eget vestibulum ex, eu sodales magna. Mauris suscipit elit et convallis dignissim. Vivamus massa sem, dapibus vitae diam id, venenatis iaculis nibh. Pellentesque vel molestie nisi. Integer quis finibus mauris. Nulla facilisi. Suspendisse potenti. Quisque iaculis ipsum nec gravida molestie. Etiam in dui venenatis, imperdiet eros quis, consectetur elit. Ut sit amet sagittis mauris. Fusce tempus efficitur nibh, ut posuere dolor volutpat in. Donec tellus magna, posuere vitae ultricies vitae, dictum ut odio. Phasellus ornare sit amet nibh vel ultrices. Nunc interdum ac risus quis aliquet. Nam eget rhoncus nisl.	Un repaso profundo al viaje emocional y combativo del dios de la guerra en su ├║ltima entrega.	2025-06-09	 God of War: Ragnarok lleva la saga al siguiente nivel	analisis	 La ├®pica conclusi├│n de Kratos	5	\N	\N	228	226	227	229	230
70	Ut at orci posuere lectus elementum vulputate et id eros. Donec et egestas ex. Proin malesuada enim id ex aliquet pretium. Curabitur malesuada tempus sem eget malesuada. Nullam sem metus, semper ut lorem sit amet, aliquet aliquam justo. Vestibulum vestibulum congue sem id ultricies. Praesent ut mi mattis, tristique nulla dignissim, ultricies turpis. Maecenas eget nisl sit amet purus rhoncus hendrerit sed nec urna. Maecenas quis tincidunt sapien. Vivamus in dui nec enim rutrum dapibus accumsan ac purus. Curabitur tempus nisl a eros dictum ullamcorper. Praesent rhoncus magna et sapien hendrerit ornare. Pellentesque interdum euismod feugiat. Vestibulum ante ipsum primis in faucibus orci luctus et ultrices posuere cubilia curae; Nam cursus pretium libero, ut rutrum nibh tincidunt ut.\n\nNunc condimentum lobortis mi, vitae tempor eros malesuada in. Sed placerat dignissim erat, ac suscipit ante. Aliquam venenatis dolor rhoncus nulla vestibulum sodales. In finibus, erat in porttitor condimentum, tellus enim porta sapien, at mollis dui arcu fringilla dolor. Nunc dolor erat, pellentesque et felis quis, bibendum gravida velit. Donec elit urna, lobortis et lorem in, suscipit volutpat nulla. Nulla facilisi. Donec varius ipsum mauris, non placerat justo laoreet eget. Donec vitae efficitur lectus, consequat condimentum elit. Donec non nulla porta, eleifend quam eu, aliquet lacus. In condimentum non lacus ac ornare. Donec dapibus dolor nec velit blandit posuere. Vestibulum nec ultricies urna, a malesuada est. Maecenas placerat sed ex id tempus. Vivamus vel est vitae lacus semper gravida. Proin commodo, diam sed laoreet cursus, ante libero aliquet ipsum, non interdum dui sem vel dui.\n\nDuis quis lacinia risus. Integer eget vestibulum ex, eu sodales magna. Mauris suscipit elit et convallis dignissim. Vivamus massa sem, dapibus vitae diam id, venenatis iaculis nibh. Pellentesque vel molestie nisi. Integer quis finibus mauris. Nulla facilisi. Suspendisse potenti. Quisque iaculis ipsum nec gravida molestie. Etiam in dui venenatis, imperdiet eros quis, consectetur elit. Ut sit amet sagittis mauris. Fusce tempus efficitur nibh, ut posuere dolor volutpat in. Donec tellus magna, posuere vitae ultricies vitae, dictum ut odio. Phasellus ornare sit amet nibh vel ultrices. Nunc interdum ac risus quis aliquet. Nam eget rhoncus nisl.\n\nUt at orci posuere lectus elementum vulputate et id eros. Donec et egestas ex. Proin malesuada enim id ex aliquet pretium. Curabitur malesuada tempus sem eget malesuada. Nullam sem metus, semper ut lorem sit amet, aliquet aliquam justo. Vestibulum vestibulum congue sem id ultricies. Praesent ut mi mattis, tristique nulla dignissim, ultricies turpis. Maecenas eget nisl sit amet purus rhoncus hendrerit sed nec urna. Maecenas quis tincidunt sapien. Vivamus in dui nec enim rutrum dapibus accumsan ac purus. Curabitur tempus nisl a eros dictum ullamcorper. Praesent rhoncus magna et sapien hendrerit ornare. Pellentesque interdum euismod feugiat. Vestibulum ante ipsum primis in faucibus orci luctus et ultrices posuere cubilia curae; Nam cursus pretium libero, ut rutrum nibh tincidunt ut.\n\nNunc condimentum lobortis mi, vitae tempor eros malesuada in. Sed placerat dignissim erat, ac suscipit ante. Aliquam venenatis dolor rhoncus nulla vestibulum sodales. In finibus, erat in porttitor condimentum, tellus enim porta sapien, at mollis dui arcu fringilla dolor. Nunc dolor erat, pellentesque et felis quis, bibendum gravida velit. Donec elit urna, lobortis et lorem in, suscipit volutpat nulla. Nulla facilisi. Donec varius ipsum mauris, non placerat justo laoreet eget. Donec vitae efficitur lectus, consequat condimentum elit. Donec non nulla porta, eleifend quam eu, aliquet lacus. In condimentum non lacus ac ornare. Donec dapibus dolor nec velit blandit posuere. Vestibulum nec ultricies urna, a malesuada est. Maecenas placerat sed ex id tempus. Vivamus vel est vitae lacus semper gravida. Proin commodo, diam sed laoreet cursus, ante libero aliquet ipsum, non interdum dui sem vel dui.\n\nDuis quis lacinia risus. Integer eget vestibulum ex, eu sodales magna. Mauris suscipit elit et convallis dignissim. Vivamus massa sem, dapibus vitae diam id, venenatis iaculis nibh. Pellentesque vel molestie nisi. Integer quis finibus mauris. Nulla facilisi. Suspendisse potenti. Quisque iaculis ipsum nec gravida molestie. Etiam in dui venenatis, imperdiet eros quis, consectetur elit. Ut sit amet sagittis mauris. Fusce tempus efficitur nibh, ut posuere dolor volutpat in. Donec tellus magna, posuere vitae ultricies vitae, dictum ut odio. Phasellus ornare sit amet nibh vel ultrices. Nunc interdum ac risus quis aliquet. Nam eget rhoncus nisl.	Larian Studios celebra el ├®xito de cr├¡tica y p├║blico con cifras impresionantes.	2025-06-09	 El RPG t├íctico supera los 10 millones de copias	noticia	Se confirman ventas r├®cord de BaldurÔÇÖs Gate 3	5	\N	\N	231	232	233	\N	\N
71	Ut at orci posuere lectus elementum vulputate et id eros. Donec et egestas ex. Proin malesuada enim id ex aliquet pretium. Curabitur malesuada tempus sem eget malesuada. Nullam sem metus, semper ut lorem sit amet, aliquet aliquam justo. Vestibulum vestibulum congue sem id ultricies. Praesent ut mi mattis, tristique nulla dignissim, ultricies turpis. Maecenas eget nisl sit amet purus rhoncus hendrerit sed nec urna. Maecenas quis tincidunt sapien. Vivamus in dui nec enim rutrum dapibus accumsan ac purus. Curabitur tempus nisl a eros dictum ullamcorper. Praesent rhoncus magna et sapien hendrerit ornare. Pellentesque interdum euismod feugiat. Vestibulum ante ipsum primis in faucibus orci luctus et ultrices posuere cubilia curae; Nam cursus pretium libero, ut rutrum nibh tincidunt ut.\n\nNunc condimentum lobortis mi, vitae tempor eros malesuada in. Sed placerat dignissim erat, ac suscipit ante. Aliquam venenatis dolor rhoncus nulla vestibulum sodales. In finibus, erat in porttitor condimentum, tellus enim porta sapien, at mollis dui arcu fringilla dolor. Nunc dolor erat, pellentesque et felis quis, bibendum gravida velit. Donec elit urna, lobortis et lorem in, suscipit volutpat nulla. Nulla facilisi. Donec varius ipsum mauris, non placerat justo laoreet eget. Donec vitae efficitur lectus, consequat condimentum elit. Donec non nulla porta, eleifend quam eu, aliquet lacus. In condimentum non lacus ac ornare. Donec dapibus dolor nec velit blandit posuere. Vestibulum nec ultricies urna, a malesuada est. Maecenas placerat sed ex id tempus. Vivamus vel est vitae lacus semper gravida. Proin commodo, diam sed laoreet cursus, ante libero aliquet ipsum, non interdum dui sem vel dui.\n\nDuis quis lacinia risus. Integer eget vestibulum ex, eu sodales magna. Mauris suscipit elit et convallis dignissim. Vivamus massa sem, dapibus vitae diam id, venenatis iaculis nibh. Pellentesque vel molestie nisi. Integer quis finibus mauris. Nulla facilisi. Suspendisse potenti. Quisque iaculis ipsum nec gravida molestie. Etiam in dui venenatis, imperdiet eros quis, consectetur elit. Ut sit amet sagittis mauris. Fusce tempus efficitur nibh, ut posuere dolor volutpat in. Donec tellus magna, posuere vitae ultricies vitae, dictum ut odio. Phasellus ornare sit amet nibh vel ultrices. Nunc interdum ac risus quis aliquet. Nam eget rhoncus nisl.\n\nUt at orci posuere lectus elementum vulputate et id eros. Donec et egestas ex. Proin malesuada enim id ex aliquet pretium. Curabitur malesuada tempus sem eget malesuada. Nullam sem metus, semper ut lorem sit amet, aliquet aliquam justo. Vestibulum vestibulum congue sem id ultricies. Praesent ut mi mattis, tristique nulla dignissim, ultricies turpis. Maecenas eget nisl sit amet purus rhoncus hendrerit sed nec urna. Maecenas quis tincidunt sapien. Vivamus in dui nec enim rutrum dapibus accumsan ac purus. Curabitur tempus nisl a eros dictum ullamcorper. Praesent rhoncus magna et sapien hendrerit ornare. Pellentesque interdum euismod feugiat. Vestibulum ante ipsum primis in faucibus orci luctus et ultrices posuere cubilia curae; Nam cursus pretium libero, ut rutrum nibh tincidunt ut.\n\nNunc condimentum lobortis mi, vitae tempor eros malesuada in. Sed placerat dignissim erat, ac suscipit ante. Aliquam venenatis dolor rhoncus nulla vestibulum sodales. In finibus, erat in porttitor condimentum, tellus enim porta sapien, at mollis dui arcu fringilla dolor. Nunc dolor erat, pellentesque et felis quis, bibendum gravida velit. Donec elit urna, lobortis et lorem in, suscipit volutpat nulla. Nulla facilisi. Donec varius ipsum mauris, non placerat justo laoreet eget. Donec vitae efficitur lectus, consequat condimentum elit. Donec non nulla porta, eleifend quam eu, aliquet lacus. In condimentum non lacus ac ornare. Donec dapibus dolor nec velit blandit posuere. Vestibulum nec ultricies urna, a malesuada est. Maecenas placerat sed ex id tempus. Vivamus vel est vitae lacus semper gravida. Proin commodo, diam sed laoreet cursus, ante libero aliquet ipsum, non interdum dui sem vel dui.\n\nDuis quis lacinia risus. Integer eget vestibulum ex, eu sodales magna. Mauris suscipit elit et convallis dignissim. Vivamus massa sem, dapibus vitae diam id, venenatis iaculis nibh. Pellentesque vel molestie nisi. Integer quis finibus mauris. Nulla facilisi. Suspendisse potenti. Quisque iaculis ipsum nec gravida molestie. Etiam in dui venenatis, imperdiet eros quis, consectetur elit. Ut sit amet sagittis mauris. Fusce tempus efficitur nibh, ut posuere dolor volutpat in. Donec tellus magna, posuere vitae ultricies vitae, dictum ut odio. Phasellus ornare sit amet nibh vel ultrices. Nunc interdum ac risus quis aliquet. Nam eget rhoncus nisl.	Exploramos las razones detr├ís del auge del rol occidental en los ├║ltimos a├▒os.	2025-06-09	De BaldurÔÇÖs Gate a Elden Ring	articulo	┬┐Por qu├® los RPG viven un renacimiento?	5	\N	\N	234	235	236	237	238
72	Ut at orci posuere lectus elementum vulputate et id eros. Donec et egestas ex. Proin malesuada enim id ex aliquet pretium. Curabitur malesuada tempus sem eget malesuada. Nullam sem metus, semper ut lorem sit amet, aliquet aliquam justo. Vestibulum vestibulum congue sem id ultricies. Praesent ut mi mattis, tristique nulla dignissim, ultricies turpis. Maecenas eget nisl sit amet purus rhoncus hendrerit sed nec urna. Maecenas quis tincidunt sapien. Vivamus in dui nec enim rutrum dapibus accumsan ac purus. Curabitur tempus nisl a eros dictum ullamcorper. Praesent rhoncus magna et sapien hendrerit ornare. Pellentesque interdum euismod feugiat. Vestibulum ante ipsum primis in faucibus orci luctus et ultrices posuere cubilia curae; Nam cursus pretium libero, ut rutrum nibh tincidunt ut.\n\nNunc condimentum lobortis mi, vitae tempor eros malesuada in. Sed placerat dignissim erat, ac suscipit ante. Aliquam venenatis dolor rhoncus nulla vestibulum sodales. In finibus, erat in porttitor condimentum, tellus enim porta sapien, at mollis dui arcu fringilla dolor. Nunc dolor erat, pellentesque et felis quis, bibendum gravida velit. Donec elit urna, lobortis et lorem in, suscipit volutpat nulla. Nulla facilisi. Donec varius ipsum mauris, non placerat justo laoreet eget. Donec vitae efficitur lectus, consequat condimentum elit. Donec non nulla porta, eleifend quam eu, aliquet lacus. In condimentum non lacus ac ornare. Donec dapibus dolor nec velit blandit posuere. Vestibulum nec ultricies urna, a malesuada est. Maecenas placerat sed ex id tempus. Vivamus vel est vitae lacus semper gravida. Proin commodo, diam sed laoreet cursus, ante libero aliquet ipsum, non interdum dui sem vel dui.\n\nDuis quis lacinia risus. Integer eget vestibulum ex, eu sodales magna. Mauris suscipit elit et convallis dignissim. Vivamus massa sem, dapibus vitae diam id, venenatis iaculis nibh. Pellentesque vel molestie nisi. Integer quis finibus mauris. Nulla facilisi. Suspendisse potenti. Quisque iaculis ipsum nec gravida molestie. Etiam in dui venenatis, imperdiet eros quis, consectetur elit. Ut sit amet sagittis mauris. Fusce tempus efficitur nibh, ut posuere dolor volutpat in. Donec tellus magna, posuere vitae ultricies vitae, dictum ut odio. Phasellus ornare sit amet nibh vel ultrices. Nunc interdum ac risus quis aliquet. Nam eget rhoncus nisl.	Nuevas herramientas y compatibilidad con creaciones de jugadores ya est├ín disponibles.	2025-06-09	 Bethesda abre oficialmente el juego a la comunidad	noticia	Starfield a├▒ade soporte para mods	5	\N	\N	239	240	241	\N	\N
73	Ut at orci posuere lectus elementum vulputate et id eros. Donec et egestas ex. Proin malesuada enim id ex aliquet pretium. Curabitur malesuada tempus sem eget malesuada. Nullam sem metus, semper ut lorem sit amet, aliquet aliquam justo. Vestibulum vestibulum congue sem id ultricies. Praesent ut mi mattis, tristique nulla dignissim, ultricies turpis. Maecenas eget nisl sit amet purus rhoncus hendrerit sed nec urna. Maecenas quis tincidunt sapien. Vivamus in dui nec enim rutrum dapibus accumsan ac purus. Curabitur tempus nisl a eros dictum ullamcorper. Praesent rhoncus magna et sapien hendrerit ornare. Pellentesque interdum euismod feugiat. Vestibulum ante ipsum primis in faucibus orci luctus et ultrices posuere cubilia curae; Nam cursus pretium libero, ut rutrum nibh tincidunt ut.\n\nNunc condimentum lobortis mi, vitae tempor eros malesuada in. Sed placerat dignissim erat, ac suscipit ante. Aliquam venenatis dolor rhoncus nulla vestibulum sodales. In finibus, erat in porttitor condimentum, tellus enim porta sapien, at mollis dui arcu fringilla dolor. Nunc dolor erat, pellentesque et felis quis, bibendum gravida velit. Donec elit urna, lobortis et lorem in, suscipit volutpat nulla. Nulla facilisi. Donec varius ipsum mauris, non placerat justo laoreet eget. Donec vitae efficitur lectus, consequat condimentum elit. Donec non nulla porta, eleifend quam eu, aliquet lacus. In condimentum non lacus ac ornare. Donec dapibus dolor nec velit blandit posuere. Vestibulum nec ultricies urna, a malesuada est. Maecenas placerat sed ex id tempus. Vivamus vel est vitae lacus semper gravida. Proin commodo, diam sed laoreet cursus, ante libero aliquet ipsum, non interdum dui sem vel dui.\n\nDuis quis lacinia risus. Integer eget vestibulum ex, eu sodales magna. Mauris suscipit elit et convallis dignissim. Vivamus massa sem, dapibus vitae diam id, venenatis iaculis nibh. Pellentesque vel molestie nisi. Integer quis finibus mauris. Nulla facilisi. Suspendisse potenti. Quisque iaculis ipsum nec gravida molestie. Etiam in dui venenatis, imperdiet eros quis, consectetur elit. Ut sit amet sagittis mauris. Fusce tempus efficitur nibh, ut posuere dolor volutpat in. Donec tellus magna, posuere vitae ultricies vitae, dictum ut odio. Phasellus ornare sit amet nibh vel ultrices. Nunc interdum ac risus quis aliquet. Nam eget rhoncus nisl.	La saga n├│rdica llega a su fin con una actualizaci├│n que a├▒ade nuevo ep├¡logo.ep├¡logo.	2025-06-09	Ubisoft publica el ├║ltimo parche de contenido	noticia	AssassinÔÇÖs Creed Valhalla cierra su ciclo	5	\N	\N	242	243	244	\N	\N
74	Ut at orci posuere lectus elementum vulputate et id eros. Donec et egestas ex. Proin malesuada enim id ex aliquet pretium. Curabitur malesuada tempus sem eget malesuada. Nullam sem metus, semper ut lorem sit amet, aliquet aliquam justo. Vestibulum vestibulum congue sem id ultricies. Praesent ut mi mattis, tristique nulla dignissim, ultricies turpis. Maecenas eget nisl sit amet purus rhoncus hendrerit sed nec urna. Maecenas quis tincidunt sapien. Vivamus in dui nec enim rutrum dapibus accumsan ac purus. Curabitur tempus nisl a eros dictum ullamcorper. Praesent rhoncus magna et sapien hendrerit ornare. Pellentesque interdum euismod feugiat. Vestibulum ante ipsum primis in faucibus orci luctus et ultrices posuere cubilia curae; Nam cursus pretium libero, ut rutrum nibh tincidunt ut.\n\nNunc condimentum lobortis mi, vitae tempor eros malesuada in. Sed placerat dignissim erat, ac suscipit ante. Aliquam venenatis dolor rhoncus nulla vestibulum sodales. In finibus, erat in porttitor condimentum, tellus enim porta sapien, at mollis dui arcu fringilla dolor. Nunc dolor erat, pellentesque et felis quis, bibendum gravida velit. Donec elit urna, lobortis et lorem in, suscipit volutpat nulla. Nulla facilisi. Donec varius ipsum mauris, non placerat justo laoreet eget. Donec vitae efficitur lectus, consequat condimentum elit. Donec non nulla porta, eleifend quam eu, aliquet lacus. In condimentum non lacus ac ornare. Donec dapibus dolor nec velit blandit posuere. Vestibulum nec ultricies urna, a malesuada est. Maecenas placerat sed ex id tempus. Vivamus vel est vitae lacus semper gravida. Proin commodo, diam sed laoreet cursus, ante libero aliquet ipsum, non interdum dui sem vel dui.\n\nDuis quis lacinia risus. Integer eget vestibulum ex, eu sodales magna. Mauris suscipit elit et convallis dignissim. Vivamus massa sem, dapibus vitae diam id, venenatis iaculis nibh. Pellentesque vel molestie nisi. Integer quis finibus mauris. Nulla facilisi. Suspendisse potenti. Quisque iaculis ipsum nec gravida molestie. Etiam in dui venenatis, imperdiet eros quis, consectetur elit. Ut sit amet sagittis mauris. Fusce tempus efficitur nibh, ut posuere dolor volutpat in. Donec tellus magna, posuere vitae ultricies vitae, dictum ut odio. Phasellus ornare sit amet nibh vel ultrices. Nunc interdum ac risus quis aliquet. Nam eget rhoncus nisl.\n\nUt at orci posuere lectus elementum vulputate et id eros. Donec et egestas ex. Proin malesuada enim id ex aliquet pretium. Curabitur malesuada tempus sem eget malesuada. Nullam sem metus, semper ut lorem sit amet, aliquet aliquam justo. Vestibulum vestibulum congue sem id ultricies. Praesent ut mi mattis, tristique nulla dignissim, ultricies turpis. Maecenas eget nisl sit amet purus rhoncus hendrerit sed nec urna. Maecenas quis tincidunt sapien. Vivamus in dui nec enim rutrum dapibus accumsan ac purus. Curabitur tempus nisl a eros dictum ullamcorper. Praesent rhoncus magna et sapien hendrerit ornare. Pellentesque interdum euismod feugiat. Vestibulum ante ipsum primis in faucibus orci luctus et ultrices posuere cubilia curae; Nam cursus pretium libero, ut rutrum nibh tincidunt ut.\n\nNunc condimentum lobortis mi, vitae tempor eros malesuada in. Sed placerat dignissim erat, ac suscipit ante. Aliquam venenatis dolor rhoncus nulla vestibulum sodales. In finibus, erat in porttitor condimentum, tellus enim porta sapien, at mollis dui arcu fringilla dolor. Nunc dolor erat, pellentesque et felis quis, bibendum gravida velit. Donec elit urna, lobortis et lorem in, suscipit volutpat nulla. Nulla facilisi. Donec varius ipsum mauris, non placerat justo laoreet eget. Donec vitae efficitur lectus, consequat condimentum elit. Donec non nulla porta, eleifend quam eu, aliquet lacus. In condimentum non lacus ac ornare. Donec dapibus dolor nec velit blandit posuere. Vestibulum nec ultricies urna, a malesuada est. Maecenas placerat sed ex id tempus. Vivamus vel est vitae lacus semper gravida. Proin commodo, diam sed laoreet cursus, ante libero aliquet ipsum, non interdum dui sem vel dui.\n\nDuis quis lacinia risus. Integer eget vestibulum ex, eu sodales magna. Mauris suscipit elit et convallis dignissim. Vivamus massa sem, dapibus vitae diam id, venenatis iaculis nibh. Pellentesque vel molestie nisi. Integer quis finibus mauris. Nulla facilisi. Suspendisse potenti. Quisque iaculis ipsum nec gravida molestie. Etiam in dui venenatis, imperdiet eros quis, consectetur elit. Ut sit amet sagittis mauris. Fusce tempus efficitur nibh, ut posuere dolor volutpat in. Donec tellus magna, posuere vitae ultricies vitae, dictum ut odio. Phasellus ornare sit amet nibh vel ultrices. Nunc interdum ac risus quis aliquet. Nam eget rhoncus nisl.	Analizamos el estado actual del juego tras actualizaciones, DLCs y mejoras t├®cnicas.	2025-06-09	┬┐Vale la pena volver a Night City en 2025?	analisis	Cyberpunk 2077: De desastre a redenci├│n	5	\N	\N	246	245	247	248	249
68	Ut at orci posuere lectus elementum vulputate et id eros. Donec et egestas ex. Proin malesuada enim id ex aliquet pretium. Curabitur malesuada tempus sem eget malesuada. Nullam sem metus, semper ut lorem sit amet, aliquet aliquam justo. Vestibulum vestibulum congue sem id ultricies. Praesent ut mi mattis, tristique nulla dignissim, ultricies turpis. Maecenas eget nisl sit amet purus rhoncus hendrerit sed nec urna. Maecenas quis tincidunt sapien. Vivamus in dui nec enim rutrum dapibus accumsan ac purus. Curabitur tempus nisl a eros dictum ullamcorper. Praesent rhoncus magna et sapien hendrerit ornare. Pellentesque interdum euismod feugiat. Vestibulum ante ipsum primis in faucibus orci luctus et ultrices posuere cubilia curae; Nam cursus pretium libero, ut rutrum nibh tincidunt ut.\n\nNunc condimentum lobortis mi, vitae tempor eros malesuada in. Sed placerat dignissim erat, ac suscipit ante. Aliquam venenatis dolor rhoncus nulla vestibulum sodales. In finibus, erat in porttitor condimentum, tellus enim porta sapien, at mollis dui arcu fringilla dolor. Nunc dolor erat, pellentesque et felis quis, bibendum gravida velit. Donec elit urna, lobortis et lorem in, suscipit volutpat nulla. Nulla facilisi. Donec varius ipsum mauris, non placerat justo laoreet eget. Donec vitae efficitur lectus, consequat condimentum elit. Donec non nulla porta, eleifend quam eu, aliquet lacus. In condimentum non lacus ac ornare. Donec dapibus dolor nec velit blandit posuere. Vestibulum nec ultricies urna, a malesuada est. Maecenas placerat sed ex id tempus. Vivamus vel est vitae lacus semper gravida. Proin commodo, diam sed laoreet cursus, ante libero aliquet ipsum, non interdum dui sem vel dui.\n\nDuis quis lacinia risus. Integer eget vestibulum ex, eu sodales magna. Mauris suscipit elit et convallis dignissim. Vivamus massa sem, dapibus vitae diam id, venenatis iaculis nibh. Pellentesque vel molestie nisi. Integer quis finibus mauris. Nulla facilisi. Suspendisse potenti. Quisque iaculis ipsum nec gravida molestie. Etiam in dui venenatis, imperdiet eros quis, consectetur elit. Ut sit amet sagittis mauris. Fusce tempus efficitur nibh, ut posuere dolor volutpat in. Donec tellus magna, posuere vitae ultricies vitae, dictum ut odio. Phasellus ornare sit amet nibh vel ultrices. Nunc interdum ac risus quis aliquet. Nam eget rhoncus nisl.\n\nUt at orci posuere lectus elementum vulputate et id eros. Donec et egestas ex. Proin malesuada enim id ex aliquet pretium. Curabitur malesuada tempus sem eget malesuada. Nullam sem metus, semper ut lorem sit amet, aliquet aliquam justo. Vestibulum vestibulum congue sem id ultricies. Praesent ut mi mattis, tristique nulla dignissim, ultricies turpis. Maecenas eget nisl sit amet purus rhoncus hendrerit sed nec urna. Maecenas quis tincidunt sapien. Vivamus in dui nec enim rutrum dapibus accumsan ac purus. Curabitur tempus nisl a eros dictum ullamcorper. Praesent rhoncus magna et sapien hendrerit ornare. Pellentesque interdum euismod feugiat. Vestibulum ante ipsum primis in faucibus orci luctus et ultrices posuere cubilia curae; Nam cursus pretium libero, ut rutrum nibh tincidunt ut.\n\nNunc condimentum lobortis mi, vitae tempor eros malesuada in. Sed placerat dignissim erat, ac suscipit ante. Aliquam venenatis dolor rhoncus nulla vestibulum sodales. In finibus, erat in porttitor condimentum, tellus enim porta sapien, at mollis dui arcu fringilla dolor. Nunc dolor erat, pellentesque et felis quis, bibendum gravida velit. Donec elit urna, lobortis et lorem in, suscipit volutpat nulla. Nulla facilisi. Donec varius ipsum mauris, non placerat justo laoreet eget. Donec vitae efficitur lectus, consequat condimentum elit. Donec non nulla porta, eleifend quam eu, aliquet lacus. In condimentum non lacus ac ornare. Donec dapibus dolor nec velit blandit posuere. Vestibulum nec ultricies urna, a malesuada est. Maecenas placerat sed ex id tempus. Vivamus vel est vitae lacus semper gravida. Proin commodo, diam sed laoreet cursus, ante libero aliquet ipsum, non interdum dui sem vel dui.\n\nDuis quis lacinia risus. Integer eget vestibulum ex, eu sodales magna. Mauris suscipit elit et convallis dignissim. Vivamus massa sem, dapibus vitae diam id, venenatis iaculis nibh. Pellentesque vel molestie nisi. Integer quis finibus mauris. Nulla facilisi. Suspendisse potenti. Quisque iaculis ipsum nec gravida molestie. Etiam in dui venenatis, imperdiet eros quis, consectetur elit. Ut sit amet sagittis mauris. Fusce tempus efficitur nibh, ut posuere dolor volutpat in. Donec tellus magna, posuere vitae ultricies vitae, dictum ut odio. Phasellus ornare sit amet nibh vel ultrices. Nunc interdum ac risus quis aliquet. Nam eget rhoncus nisl.\n\nUt at orci posuere lectus elementum vulputate et id eros. Donec et egestas ex. Proin malesuada enim id ex aliquet pretium. Curabitur malesuada tempus sem eget malesuada. Nullam sem metus, semper ut lorem sit amet, aliquet aliquam justo. Vestibulum vestibulum congue sem id ultricies. Praesent ut mi mattis, tristique nulla dignissim, ultricies turpis. Maecenas eget nisl sit amet purus rhoncus hendrerit sed nec urna. Maecenas quis tincidunt sapien. Vivamus in dui nec enim rutrum dapibus accumsan ac purus. Curabitur tempus nisl a eros dictum ullamcorper. Praesent rhoncus magna et sapien hendrerit ornare. Pellentesque interdum euismod feugiat. Vestibulum ante ipsum primis in faucibus orci luctus et ultrices posuere cubilia curae; Nam cursus pretium libero, ut rutrum nibh tincidunt ut.	Final Fantasy XVI se trata de uno de los videojuegos de la actual generaci├│n con mejores combates	2025-06-09	Final Fantasy XVI es un videojuego extraordinario	articulo	Final Fantasy XVI y las ideas detr├ís del desarrollo	5	\N	\N	222	221	223	224	225
75	Ut at orci posuere lectus elementum vulputate et id eros. Donec et egestas ex. Proin malesuada enim id ex aliquet pretium. Curabitur malesuada tempus sem eget malesuada. Nullam sem metus, semper ut lorem sit amet, aliquet aliquam justo. Vestibulum vestibulum congue sem id ultricies. Praesent ut mi mattis, tristique nulla dignissim, ultricies turpis. Maecenas eget nisl sit amet purus rhoncus hendrerit sed nec urna. Maecenas quis tincidunt sapien. Vivamus in dui nec enim rutrum dapibus accumsan ac purus. Curabitur tempus nisl a eros dictum ullamcorper. Praesent rhoncus magna et sapien hendrerit ornare. Pellentesque interdum euismod feugiat. Vestibulum ante ipsum primis in faucibus orci luctus et ultrices posuere cubilia curae; Nam cursus pretium libero, ut rutrum nibh tincidunt ut.\n\nNunc condimentum lobortis mi, vitae tempor eros malesuada in. Sed placerat dignissim erat, ac suscipit ante. Aliquam venenatis dolor rhoncus nulla vestibulum sodales. In finibus, erat in porttitor condimentum, tellus enim porta sapien, at mollis dui arcu fringilla dolor. Nunc dolor erat, pellentesque et felis quis, bibendum gravida velit. Donec elit urna, lobortis et lorem in, suscipit volutpat nulla. Nulla facilisi. Donec varius ipsum mauris, non placerat justo laoreet eget. Donec vitae efficitur lectus, consequat condimentum elit. Donec non nulla porta, eleifend quam eu, aliquet lacus. In condimentum non lacus ac ornare. Donec dapibus dolor nec velit blandit posuere. Vestibulum nec ultricies urna, a malesuada est. Maecenas placerat sed ex id tempus. Vivamus vel est vitae lacus semper gravida. Proin commodo, diam sed laoreet cursus, ante libero aliquet ipsum, non interdum dui sem vel dui.\n\nDuis quis lacinia risus. Integer eget vestibulum ex, eu sodales magna. Mauris suscipit elit et convallis dignissim. Vivamus massa sem, dapibus vitae diam id, venenatis iaculis nibh. Pellentesque vel molestie nisi. Integer quis finibus mauris. Nulla facilisi. Suspendisse potenti. Quisque iaculis ipsum nec gravida molestie. Etiam in dui venenatis, imperdiet eros quis, consectetur elit. Ut sit amet sagittis mauris. Fusce tempus efficitur nibh, ut posuere dolor volutpat in. Donec tellus magna, posuere vitae ultricies vitae, dictum ut odio. Phasellus ornare sit amet nibh vel ultrices. Nunc interdum ac risus quis aliquet. Nam eget rhoncus nisl.\n\nUt at orci posuere lectus elementum vulputate et id eros. Donec et egestas ex. Proin malesuada enim id ex aliquet pretium. Curabitur malesuada tempus sem eget malesuada. Nullam sem metus, semper ut lorem sit amet, aliquet aliquam justo. Vestibulum vestibulum congue sem id ultricies. Praesent ut mi mattis, tristique nulla dignissim, ultricies turpis. Maecenas eget nisl sit amet purus rhoncus hendrerit sed nec urna. Maecenas quis tincidunt sapien. Vivamus in dui nec enim rutrum dapibus accumsan ac purus. Curabitur tempus nisl a eros dictum ullamcorper. Praesent rhoncus magna et sapien hendrerit ornare. Pellentesque interdum euismod feugiat. Vestibulum ante ipsum primis in faucibus orci luctus et ultrices posuere cubilia curae; Nam cursus pretium libero, ut rutrum nibh tincidunt ut.\n\nNunc condimentum lobortis mi, vitae tempor eros malesuada in. Sed placerat dignissim erat, ac suscipit ante. Aliquam venenatis dolor rhoncus nulla vestibulum sodales. In finibus, erat in porttitor condimentum, tellus enim porta sapien, at mollis dui arcu fringilla dolor. Nunc dolor erat, pellentesque et felis quis, bibendum gravida velit. Donec elit urna, lobortis et lorem in, suscipit volutpat nulla. Nulla facilisi. Donec varius ipsum mauris, non placerat justo laoreet eget. Donec vitae efficitur lectus, consequat condimentum elit. Donec non nulla porta, eleifend quam eu, aliquet lacus. In condimentum non lacus ac ornare. Donec dapibus dolor nec velit blandit posuere. Vestibulum nec ultricies urna, a malesuada est. Maecenas placerat sed ex id tempus. Vivamus vel est vitae lacus semper gravida. Proin commodo, diam sed laoreet cursus, ante libero aliquet ipsum, non interdum dui sem vel dui.\n\nDuis quis lacinia risus. Integer eget vestibulum ex, eu sodales magna. Mauris suscipit elit et convallis dignissim. Vivamus massa sem, dapibus vitae diam id, venenatis iaculis nibh. Pellentesque vel molestie nisi. Integer quis finibus mauris. Nulla facilisi. Suspendisse potenti. Quisque iaculis ipsum nec gravida molestie. Etiam in dui venenatis, imperdiet eros quis, consectetur elit. Ut sit amet sagittis mauris. Fusce tempus efficitur nibh, ut posuere dolor volutpat in. Donec tellus magna, posuere vitae ultricies vitae, dictum ut odio. Phasellus ornare sit amet nibh vel ultrices. Nunc interdum ac risus quis aliquet. Nam eget rhoncus nisl.	Un an├ílisis t├®cnico y narrativo del regreso del cl├ísico survival horror.	2025-06-09	Capcom demuestra c├│mo se hace un remake	analisis	Resident Evil 4 Remake: Terror refinado	5	\N	\N	250	252	254	255	256
76	Ut at orci posuere lectus elementum vulputate et id eros. Donec et egestas ex. Proin malesuada enim id ex aliquet pretium. Curabitur malesuada tempus sem eget malesuada. Nullam sem metus, semper ut lorem sit amet, aliquet aliquam justo. Vestibulum vestibulum congue sem id ultricies. Praesent ut mi mattis, tristique nulla dignissim, ultricies turpis. Maecenas eget nisl sit amet purus rhoncus hendrerit sed nec urna. Maecenas quis tincidunt sapien. Vivamus in dui nec enim rutrum dapibus accumsan ac purus. Curabitur tempus nisl a eros dictum ullamcorper. Praesent rhoncus magna et sapien hendrerit ornare. Pellentesque interdum euismod feugiat. Vestibulum ante ipsum primis in faucibus orci luctus et ultrices posuere cubilia curae; Nam cursus pretium libero, ut rutrum nibh tincidunt ut.\n\nNunc condimentum lobortis mi, vitae tempor eros malesuada in. Sed placerat dignissim erat, ac suscipit ante. Aliquam venenatis dolor rhoncus nulla vestibulum sodales. In finibus, erat in porttitor condimentum, tellus enim porta sapien, at mollis dui arcu fringilla dolor. Nunc dolor erat, pellentesque et felis quis, bibendum gravida velit. Donec elit urna, lobortis et lorem in, suscipit volutpat nulla. Nulla facilisi. Donec varius ipsum mauris, non placerat justo laoreet eget. Donec vitae efficitur lectus, consequat condimentum elit. Donec non nulla porta, eleifend quam eu, aliquet lacus. In condimentum non lacus ac ornare. Donec dapibus dolor nec velit blandit posuere. Vestibulum nec ultricies urna, a malesuada est. Maecenas placerat sed ex id tempus. Vivamus vel est vitae lacus semper gravida. Proin commodo, diam sed laoreet cursus, ante libero aliquet ipsum, non interdum dui sem vel dui.\n\nDuis quis lacinia risus. Integer eget vestibulum ex, eu sodales magna. Mauris suscipit elit et convallis dignissim. Vivamus massa sem, dapibus vitae diam id, venenatis iaculis nibh. Pellentesque vel molestie nisi. Integer quis finibus mauris. Nulla facilisi. Suspendisse potenti. Quisque iaculis ipsum nec gravida molestie. Etiam in dui venenatis, imperdiet eros quis, consectetur elit. Ut sit amet sagittis mauris. Fusce tempus efficitur nibh, ut posuere dolor volutpat in. Donec tellus magna, posuere vitae ultricies vitae, dictum ut odio. Phasellus ornare sit amet nibh vel ultrices. Nunc interdum ac risus quis aliquet. Nam eget rhoncus nisl.\n\nUt at orci posuere lectus elementum vulputate et id eros. Donec et egestas ex. Proin malesuada enim id ex aliquet pretium. Curabitur malesuada tempus sem eget malesuada. Nullam sem metus, semper ut lorem sit amet, aliquet aliquam justo. Vestibulum vestibulum congue sem id ultricies. Praesent ut mi mattis, tristique nulla dignissim, ultricies turpis. Maecenas eget nisl sit amet purus rhoncus hendrerit sed nec urna. Maecenas quis tincidunt sapien. Vivamus in dui nec enim rutrum dapibus accumsan ac purus. Curabitur tempus nisl a eros dictum ullamcorper. Praesent rhoncus magna et sapien hendrerit ornare. Pellentesque interdum euismod feugiat. Vestibulum ante ipsum primis in faucibus orci luctus et ultrices posuere cubilia curae; Nam cursus pretium libero, ut rutrum nibh tincidunt ut.\n\nNunc condimentum lobortis mi, vitae tempor eros malesuada in. Sed placerat dignissim erat, ac suscipit ante. Aliquam venenatis dolor rhoncus nulla vestibulum sodales. In finibus, erat in porttitor condimentum, tellus enim porta sapien, at mollis dui arcu fringilla dolor. Nunc dolor erat, pellentesque et felis quis, bibendum gravida velit. Donec elit urna, lobortis et lorem in, suscipit volutpat nulla. Nulla facilisi. Donec varius ipsum mauris, non placerat justo laoreet eget. Donec vitae efficitur lectus, consequat condimentum elit. Donec non nulla porta, eleifend quam eu, aliquet lacus. In condimentum non lacus ac ornare. Donec dapibus dolor nec velit blandit posuere. Vestibulum nec ultricies urna, a malesuada est. Maecenas placerat sed ex id tempus. Vivamus vel est vitae lacus semper gravida. Proin commodo, diam sed laoreet cursus, ante libero aliquet ipsum, non interdum dui sem vel dui.\n\nDuis quis lacinia risus. Integer eget vestibulum ex, eu sodales magna. Mauris suscipit elit et convallis dignissim. Vivamus massa sem, dapibus vitae diam id, venenatis iaculis nibh. Pellentesque vel molestie nisi. Integer quis finibus mauris. Nulla facilisi. Suspendisse potenti. Quisque iaculis ipsum nec gravida molestie. Etiam in dui venenatis, imperdiet eros quis, consectetur elit. Ut sit amet sagittis mauris. Fusce tempus efficitur nibh, ut posuere dolor volutpat in. Donec tellus magna, posuere vitae ultricies vitae, dictum ut odio. Phasellus ornare sit amet nibh vel ultrices. Nunc interdum ac risus quis aliquet. Nam eget rhoncus nisl.	Analizamos ejemplos donde el entorno y la atm├│sfera lo dicen todo.	2025-06-09	Narrativas ambientales en el medio interactivo	articulo	C├│mo los videojuegos cuentan historias sin palabras	5	\N	\N	257	258	259	260	261
77	Nullam suscipit in ligula eu vehicula. Proin dapibus interdum nisl, ac fringilla eros hendrerit aliquet. In massa magna, interdum vel venenatis sed, porta eget augue. Integer vel ex fringilla, mollis ex id, volutpat sapien. Mauris a justo sollicitudin quam lacinia cursus vitae vel ante. Nam in nulla nec diam lobortis hendrerit non a leo. Nulla facilisi. Etiam ornare, nisl non rutrum consectetur, est ex sodales ex, id suscipit tellus justo eget nulla. Nulla cursus nibh vel sollicitudin pretium.\n\nDuis in congue lectus. Nulla facilisi. Sed at lorem a turpis rutrum iaculis in a enim. Nullam ligula dolor, varius sed magna nec, cursus mattis nisi. Pellentesque magna enim, pellentesque nec orci in, tempus volutpat urna. Sed suscipit dui sit amet ante varius, quis ornare magna congue. Vivamus quis erat imperdiet, rhoncus nisi varius, consequat tellus. Pellentesque habitant morbi tristique senectus et netus et malesuada fames ac turpis egestas. Vivamus eu sapien lacus.\n\nDuis faucibus nisi ultrices sagittis maximus. Sed tellus eros, cursus vitae placerat non, sagittis sit amet sem. Duis efficitur venenatis laoreet. In ultricies lectus vel vestibulum maximus. Integer malesuada fermentum aliquam. Fusce et nunc ac erat blandit commodo vitae ut ante. Sed elementum, ante eu vestibulum blandit, nulla leo congue urna, non vestibulum est risus sit amet ante. Donec lacinia elit a eros molestie, vitae efficitur neque hendrerit. Duis ultrices velit eu sagittis luctus. Nulla eu dolor vitae nulla aliquam vestibulum. Maecenas ipsum risus, imperdiet ut nulla id, vulputate convallis lacus. Interdum et malesuada fames ac ante ipsum primis in faucibus. Fusce rutrum mauris in ante mollis, et blandit ex viverra. Vestibulum ante ipsum primis in faucibus orci luctus et ultrices posuere cubilia curae;\n\nNullam suscipit in ligula eu vehicula. Proin dapibus interdum nisl, ac fringilla eros hendrerit aliquet. In massa magna, interdum vel venenatis sed, porta eget augue. Integer vel ex fringilla, mollis ex id, volutpat sapien. Mauris a justo sollicitudin quam lacinia cursus vitae vel ante. Nam in nulla nec diam lobortis hendrerit non a leo. Nulla facilisi. Etiam ornare, nisl non rutrum consectetur, est ex sodales ex, id suscipit tellus justo eget nulla. Nulla cursus nibh vel sollicitudin pretium.\n\nDuis in congue lectus. Nulla facilisi. Sed at lorem a turpis rutrum iaculis in a enim. Nullam ligula dolor, varius sed magna nec, cursus mattis nisi. Pellentesque magna enim, pellentesque nec orci in, tempus volutpat urna. Sed suscipit dui sit amet ante varius, quis ornare magna congue. Vivamus quis erat imperdiet, rhoncus nisi varius, consequat tellus. Pellentesque habitant morbi tristique senectus et netus et malesuada fames ac turpis egestas. Vivamus eu sapien lacus.\n\nDuis faucibus nisi ultrices sagittis maximus. Sed tellus eros, cursus vitae placerat non, sagittis sit amet sem. Duis efficitur venenatis laoreet. In ultricies lectus vel vestibulum maximus. Integer malesuada fermentum aliquam. Fusce et nunc ac erat blandit commodo vitae ut ante. Sed elementum, ante eu vestibulum blandit, nulla leo congue urna, non vestibulum est risus sit amet ante. Donec lacinia elit a eros molestie, vitae efficitur neque hendrerit. Duis ultrices velit eu sagittis luctus. Nulla eu dolor vitae nulla aliquam vestibulum. Maecenas ipsum risus, imperdiet ut nulla id, vulputate convallis lacus. Interdum et malesuada fames ac ante ipsum primis in faucibus. Fusce rutrum mauris in ante mollis, et blandit ex viverra. Vestibulum ante ipsum primis in faucibus orci luctus et ultrices posuere cubilia curae;	El tercer remake de la saga ya est├í aqu├¡	2025-06-09	La aventura de Jill Valentine vs N├®mesis	analisis	Resident Evil 3 Remake - Analisis	6	\N	\N	263	262	264	265	266
78	Nullam suscipit in ligula eu vehicula. Proin dapibus interdum nisl, ac fringilla eros hendrerit aliquet. In massa magna, interdum vel venenatis sed, porta eget augue. Integer vel ex fringilla, mollis ex id, volutpat sapien. Mauris a justo sollicitudin quam lacinia cursus vitae vel ante. Nam in nulla nec diam lobortis hendrerit non a leo. Nulla facilisi. Etiam ornare, nisl non rutrum consectetur, est ex sodales ex, id suscipit tellus justo eget nulla. Nulla cursus nibh vel sollicitudin pretium.\n\nDuis in congue lectus. Nulla facilisi. Sed at lorem a turpis rutrum iaculis in a enim. Nullam ligula dolor, varius sed magna nec, cursus mattis nisi. Pellentesque magna enim, pellentesque nec orci in, tempus volutpat urna. Sed suscipit dui sit amet ante varius, quis ornare magna congue. Vivamus quis erat imperdiet, rhoncus nisi varius, consequat tellus. Pellentesque habitant morbi tristique senectus et netus et malesuada fames ac turpis egestas. Vivamus eu sapien lacus.\n\nDuis faucibus nisi ultrices sagittis maximus. Sed tellus eros, cursus vitae placerat non, sagittis sit amet sem. Duis efficitur venenatis laoreet. In ultricies lectus vel vestibulum maximus. Integer malesuada fermentum aliquam. Fusce et nunc ac erat blandit commodo vitae ut ante. Sed elementum, ante eu vestibulum blandit, nulla leo congue urna, non vestibulum est risus sit amet ante. Donec lacinia elit a eros molestie, vitae efficitur neque hendrerit. Duis ultrices velit eu sagittis luctus. Nulla eu dolor vitae nulla aliquam vestibulum. Maecenas ipsum risus, imperdiet ut nulla id, vulputate convallis lacus. Interdum et malesuada fames ac ante ipsum primis in faucibus. Fusce rutrum mauris in ante mollis, et blandit ex viverra. Vestibulum ante ipsum primis in faucibus orci luctus et ultrices posuere cubilia curae;	El survival horror vuelve a la saga por la puerta grande	2025-06-09	Estamos ante el mejor videojuego de la saga de Capcom	analisis	Resident Evil 2 Remake - Analisis	6	\N	\N	271	270	269	268	267
79	Nullam suscipit in ligula eu vehicula. Proin dapibus interdum nisl, ac fringilla eros hendrerit aliquet. In massa magna, interdum vel venenatis sed, porta eget augue. Integer vel ex fringilla, mollis ex id, volutpat sapien. Mauris a justo sollicitudin quam lacinia cursus vitae vel ante. Nam in nulla nec diam lobortis hendrerit non a leo. Nulla facilisi. Etiam ornare, nisl non rutrum consectetur, est ex sodales ex, id suscipit tellus justo eget nulla. Nulla cursus nibh vel sollicitudin pretium.\n\nDuis in congue lectus. Nulla facilisi. Sed at lorem a turpis rutrum iaculis in a enim. Nullam ligula dolor, varius sed magna nec, cursus mattis nisi. Pellentesque magna enim, pellentesque nec orci in, tempus volutpat urna. Sed suscipit dui sit amet ante varius, quis ornare magna congue. Vivamus quis erat imperdiet, rhoncus nisi varius, consequat tellus. Pellentesque habitant morbi tristique senectus et netus et malesuada fames ac turpis egestas. Vivamus eu sapien lacus.\n\nDuis faucibus nisi ultrices sagittis maximus. Sed tellus eros, cursus vitae placerat non, sagittis sit amet sem. Duis efficitur venenatis laoreet. In ultricies lectus vel vestibulum maximus. Integer malesuada fermentum aliquam. Fusce et nunc ac erat blandit commodo vitae ut ante. Sed elementum, ante eu vestibulum blandit, nulla leo congue urna, non vestibulum est risus sit amet ante. Donec lacinia elit a eros molestie, vitae efficitur neque hendrerit. Duis ultrices velit eu sagittis luctus. Nulla eu dolor vitae nulla aliquam vestibulum. Maecenas ipsum risus, imperdiet ut nulla id, vulputate convallis lacus. Interdum et malesuada fames ac ante ipsum primis in faucibus. Fusce rutrum mauris in ante mollis, et blandit ex viverra. Vestibulum ante ipsum primis in faucibus orci luctus et ultrices posuere cubilia curae;	Un videojuego que ha encandilado a los fans de la primera entrega	2025-06-09	La entrega de cuentos de terror ha triunfado	noticia	Little Nightmares 2 ha vendido 4 millones de copias	6	\N	\N	272	273	274	\N	\N
82	Nullam suscipit in ligula eu vehicula. Proin dapibus interdum nisl, ac fringilla eros hendrerit aliquet. In massa magna, interdum vel venenatis sed, porta eget augue. Integer vel ex fringilla, mollis ex id, volutpat sapien. Mauris a justo sollicitudin quam lacinia cursus vitae vel ante. Nam in nulla nec diam lobortis hendrerit non a leo. Nulla facilisi. Etiam ornare, nisl non rutrum consectetur, est ex sodales ex, id suscipit tellus justo eget nulla. Nulla cursus nibh vel sollicitudin pretium.\n\nDuis in congue lectus. Nulla facilisi. Sed at lorem a turpis rutrum iaculis in a enim. Nullam ligula dolor, varius sed magna nec, cursus mattis nisi. Pellentesque magna enim, pellentesque nec orci in, tempus volutpat urna. Sed suscipit dui sit amet ante varius, quis ornare magna congue. Vivamus quis erat imperdiet, rhoncus nisi varius, consequat tellus. Pellentesque habitant morbi tristique senectus et netus et malesuada fames ac turpis egestas. Vivamus eu sapien lacus.\n\nDuis faucibus nisi ultrices sagittis maximus. Sed tellus eros, cursus vitae placerat non, sagittis sit amet sem. Duis efficitur venenatis laoreet. In ultricies lectus vel vestibulum maximus. Integer malesuada fermentum aliquam. Fusce et nunc ac erat blandit commodo vitae ut ante. Sed elementum, ante eu vestibulum blandit, nulla leo congue urna, non vestibulum est risus sit amet ante. Donec lacinia elit a eros molestie, vitae efficitur neque hendrerit. Duis ultrices velit eu sagittis luctus. Nulla eu dolor vitae nulla aliquam vestibulum. Maecenas ipsum risus, imperdiet ut nulla id, vulputate convallis lacus. Interdum et malesuada fames ac ante ipsum primis in faucibus. Fusce rutrum mauris in ante mollis, et blandit ex viverra. Vestibulum ante ipsum primis in faucibus orci luctus et ultrices posuere cubilia curae;\n\nNullam suscipit in ligula eu vehicula. Proin dapibus interdum nisl, ac fringilla eros hendrerit aliquet. In massa magna, interdum vel venenatis sed, porta eget augue. Integer vel ex fringilla, mollis ex id, volutpat sapien. Mauris a justo sollicitudin quam lacinia cursus vitae vel ante. Nam in nulla nec diam lobortis hendrerit non a leo. Nulla facilisi. Etiam ornare, nisl non rutrum consectetur, est ex sodales ex, id suscipit tellus justo eget nulla. Nulla cursus nibh vel sollicitudin pretium.\n\nDuis in congue lectus. Nulla facilisi. Sed at lorem a turpis rutrum iaculis in a enim. Nullam ligula dolor, varius sed magna nec, cursus mattis nisi. Pellentesque magna enim, pellentesque nec orci in, tempus volutpat urna. Sed suscipit dui sit amet ante varius, quis ornare magna congue. Vivamus quis erat imperdiet, rhoncus nisi varius, consequat tellus. Pellentesque habitant morbi tristique senectus et netus et malesuada fames ac turpis egestas. Vivamus eu sapien lacus.\n\nDuis faucibus nisi ultrices sagittis maximus. Sed tellus eros, cursus vitae placerat non, sagittis sit amet sem. Duis efficitur venenatis laoreet. In ultricies lectus vel vestibulum maximus. Integer malesuada fermentum aliquam. Fusce et nunc ac erat blandit commodo vitae ut ante. Sed elementum, ante eu vestibulum blandit, nulla leo congue urna, non vestibulum est risus sit amet ante. Donec lacinia elit a eros molestie, vitae efficitur neque hendrerit. Duis ultrices velit eu sagittis luctus. Nulla eu dolor vitae nulla aliquam vestibulum. Maecenas ipsum risus, imperdiet ut nulla id, vulputate convallis lacus. Interdum et malesuada fames ac ante ipsum primis in faucibus. Fusce rutrum mauris in ante mollis, et blandit ex viverra. Vestibulum ante ipsum primis in faucibus orci luctus et ultrices posuere cubilia curae;	Arthur Morgan y su cruda historia nos ha llenado de momentos inolvidables	2025-06-09	La aventura de Rockstar es el mejor western de la historia	articulo	Red Redemption II y su alcance mundial	6	\N	\N	288	286	287	285	\N
85	Nullam suscipit in ligula eu vehicula. Proin dapibus interdum nisl, ac fringilla eros hendrerit aliquet. In massa magna, interdum vel venenatis sed, porta eget augue. Integer vel ex fringilla, mollis ex id, volutpat sapien. Mauris a justo sollicitudin quam lacinia cursus vitae vel ante. Nam in nulla nec diam lobortis hendrerit non a leo. Nulla facilisi. Etiam ornare, nisl non rutrum consectetur, est ex sodales ex, id suscipit tellus justo eget nulla. Nulla cursus nibh vel sollicitudin pretium.\n\nDuis in congue lectus. Nulla facilisi. Sed at lorem a turpis rutrum iaculis in a enim. Nullam ligula dolor, varius sed magna nec, cursus mattis nisi. Pellentesque magna enim, pellentesque nec orci in, tempus volutpat urna. Sed suscipit dui sit amet ante varius, quis ornare magna congue. Vivamus quis erat imperdiet, rhoncus nisi varius, consequat tellus. Pellentesque habitant morbi tristique senectus et netus et malesuada fames ac turpis egestas. Vivamus eu sapien lacus.\n\nDuis faucibus nisi ultrices sagittis maximus. Sed tellus eros, cursus vitae placerat non, sagittis sit amet sem. Duis efficitur venenatis laoreet. In ultricies lectus vel vestibulum maximus. Integer malesuada fermentum aliquam. Fusce et nunc ac erat blandit commodo vitae ut ante. Sed elementum, ante eu vestibulum blandit, nulla leo congue urna, non vestibulum est risus sit amet ante. Donec lacinia elit a eros molestie, vitae efficitur neque hendrerit. Duis ultrices velit eu sagittis luctus. Nulla eu dolor vitae nulla aliquam vestibulum. Maecenas ipsum risus, imperdiet ut nulla id, vulputate convallis lacus. Interdum et malesuada fames ac ante ipsum primis in faucibus. Fusce rutrum mauris in ante mollis, et blandit ex viverra. Vestibulum ante ipsum primis in faucibus orci luctus et ultrices posuere cubilia curae;\n\nNullam suscipit in ligula eu vehicula. Proin dapibus interdum nisl, ac fringilla eros hendrerit aliquet. In massa magna, interdum vel venenatis sed, porta eget augue. Integer vel ex fringilla, mollis ex id, volutpat sapien. Mauris a justo sollicitudin quam lacinia cursus vitae vel ante. Nam in nulla nec diam lobortis hendrerit non a leo. Nulla facilisi. Etiam ornare, nisl non rutrum consectetur, est ex sodales ex, id suscipit tellus justo eget nulla. Nulla cursus nibh vel sollicitudin pretium.\n\nDuis in congue lectus. Nulla facilisi. Sed at lorem a turpis rutrum iaculis in a enim. Nullam ligula dolor, varius sed magna nec, cursus mattis nisi. Pellentesque magna enim, pellentesque nec orci in, tempus volutpat urna. Sed suscipit dui sit amet ante varius, quis ornare magna congue. Vivamus quis erat imperdiet, rhoncus nisi varius, consequat tellus. Pellentesque habitant morbi tristique senectus et netus et malesuada fames ac turpis egestas. Vivamus eu sapien lacus.\n\nDuis faucibus nisi ultrices sagittis maximus. Sed tellus eros, cursus vitae placerat non, sagittis sit amet sem. Duis efficitur venenatis laoreet. In ultricies lectus vel vestibulum maximus. Integer malesuada fermentum aliquam. Fusce et nunc ac erat blandit commodo vitae ut ante. Sed elementum, ante eu vestibulum blandit, nulla leo congue urna, non vestibulum est risus sit amet ante. Donec lacinia elit a eros molestie, vitae efficitur neque hendrerit. Duis ultrices velit eu sagittis luctus. Nulla eu dolor vitae nulla aliquam vestibulum. Maecenas ipsum risus, imperdiet ut nulla id, vulputate convallis lacus. Interdum et malesuada fames ac ante ipsum primis in faucibus. Fusce rutrum mauris in ante mollis, et blandit ex viverra. Vestibulum ante ipsum primis in faucibus orci luctus et ultrices posuere cubilia curae;	Jugar en multijugador con tus amigos en un planeta helado enfrentando monstruos gigantescos suena muy bien	2025-06-09	La ciencia ficci├│n al m├ís puro estilo Alien est├í de vuelta	analisis	Lost Planet 2 - An├ílisis	6	\N	\N	299	300	301	302	303
88	Nullam suscipit in ligula eu vehicula. Proin dapibus interdum nisl, ac fringilla eros hendrerit aliquet. In massa magna, interdum vel venenatis sed, porta eget augue. Integer vel ex fringilla, mollis ex id, volutpat sapien. Mauris a justo sollicitudin quam lacinia cursus vitae vel ante. Nam in nulla nec diam lobortis hendrerit non a leo. Nulla facilisi. Etiam ornare, nisl non rutrum consectetur, est ex sodales ex, id suscipit tellus justo eget nulla. Nulla cursus nibh vel sollicitudin pretium.\n\nDuis in congue lectus. Nulla facilisi. Sed at lorem a turpis rutrum iaculis in a enim. Nullam ligula dolor, varius sed magna nec, cursus mattis nisi. Pellentesque magna enim, pellentesque nec orci in, tempus volutpat urna. Sed suscipit dui sit amet ante varius, quis ornare magna congue. Vivamus quis erat imperdiet, rhoncus nisi varius, consequat tellus. Pellentesque habitant morbi tristique senectus et netus et malesuada fames ac turpis egestas. Vivamus eu sapien lacus.\n\nDuis faucibus nisi ultrices sagittis maximus. Sed tellus eros, cursus vitae placerat non, sagittis sit amet sem. Duis efficitur venenatis laoreet. In ultricies lectus vel vestibulum maximus. Integer malesuada fermentum aliquam. Fusce et nunc ac erat blandit commodo vitae ut ante. Sed elementum, ante eu vestibulum blandit, nulla leo congue urna, non vestibulum est risus sit amet ante. Donec lacinia elit a eros molestie, vitae efficitur neque hendrerit. Duis ultrices velit eu sagittis luctus. Nulla eu dolor vitae nulla aliquam vestibulum. Maecenas ipsum risus, imperdiet ut nulla id, vulputate convallis lacus. Interdum et malesuada fames ac ante ipsum primis in faucibus. Fusce rutrum mauris in ante mollis, et blandit ex viverra. Vestibulum ante ipsum primis in faucibus orci luctus et ultrices posuere cubilia curae;\n\nNullam suscipit in ligula eu vehicula. Proin dapibus interdum nisl, ac fringilla eros hendrerit aliquet. In massa magna, interdum vel venenatis sed, porta eget augue. Integer vel ex fringilla, mollis ex id, volutpat sapien. Mauris a justo sollicitudin quam lacinia cursus vitae vel ante. Nam in nulla nec diam lobortis hendrerit non a leo. Nulla facilisi. Etiam ornare, nisl non rutrum consectetur, est ex sodales ex, id suscipit tellus justo eget nulla. Nulla cursus nibh vel sollicitudin pretium.\n\nDuis in congue lectus. Nulla facilisi. Sed at lorem a turpis rutrum iaculis in a enim. Nullam ligula dolor, varius sed magna nec, cursus mattis nisi. Pellentesque magna enim, pellentesque nec orci in, tempus volutpat urna. Sed suscipit dui sit amet ante varius, quis ornare magna congue. Vivamus quis erat imperdiet, rhoncus nisi varius, consequat tellus. Pellentesque habitant morbi tristique senectus et netus et malesuada fames ac turpis egestas. Vivamus eu sapien lacus.\n\nDuis faucibus nisi ultrices sagittis maximus. Sed tellus eros, cursus vitae placerat non, sagittis sit amet sem. Duis efficitur venenatis laoreet. In ultricies lectus vel vestibulum maximus. Integer malesuada fermentum aliquam. Fusce et nunc ac erat blandit commodo vitae ut ante. Sed elementum, ante eu vestibulum blandit, nulla leo congue urna, non vestibulum est risus sit amet ante. Donec lacinia elit a eros molestie, vitae efficitur neque hendrerit. Duis ultrices velit eu sagittis luctus. Nulla eu dolor vitae nulla aliquam vestibulum. Maecenas ipsum risus, imperdiet ut nulla id, vulputate convallis lacus. Interdum et malesuada fames ac ante ipsum primis in faucibus. Fusce rutrum mauris in ante mollis, et blandit ex viverra. Vestibulum ante ipsum primis in faucibus orci luctus et ultrices posuere cubilia curae;	Estamos ante la entrega de la saga m├ís ambiciosa de todos los tiempos	2025-06-09	Nintendo ha logrado desarrollar una aventura fant├ística 	analisis	Zelda Breath of the Wild - An├ílisis	7	\N	\N	314	315	317	316	313
92	Nullam suscipit in ligula eu vehicula. Proin dapibus interdum nisl, ac fringilla eros hendrerit aliquet. In massa magna, interdum vel venenatis sed, porta eget augue. Integer vel ex fringilla, mollis ex id, volutpat sapien. Mauris a justo sollicitudin quam lacinia cursus vitae vel ante. Nam in nulla nec diam lobortis hendrerit non a leo. Nulla facilisi. Etiam ornare, nisl non rutrum consectetur, est ex sodales ex, id suscipit tellus justo eget nulla. Nulla cursus nibh vel sollicitudin pretium.\n\nDuis in congue lectus. Nulla facilisi. Sed at lorem a turpis rutrum iaculis in a enim. Nullam ligula dolor, varius sed magna nec, cursus mattis nisi. Pellentesque magna enim, pellentesque nec orci in, tempus volutpat urna. Sed suscipit dui sit amet ante varius, quis ornare magna congue. Vivamus quis erat imperdiet, rhoncus nisi varius, consequat tellus. Pellentesque habitant morbi tristique senectus et netus et malesuada fames ac turpis egestas. Vivamus eu sapien lacus.\n\nDuis faucibus nisi ultrices sagittis maximus. Sed tellus eros, cursus vitae placerat non, sagittis sit amet sem. Duis efficitur venenatis laoreet. In ultricies lectus vel vestibulum maximus. Integer malesuada fermentum aliquam. Fusce et nunc ac erat blandit commodo vitae ut ante. Sed elementum, ante eu vestibulum blandit, nulla leo congue urna, non vestibulum est risus sit amet ante. Donec lacinia elit a eros molestie, vitae efficitur neque hendrerit. Duis ultrices velit eu sagittis luctus. Nulla eu dolor vitae nulla aliquam vestibulum. Maecenas ipsum risus, imperdiet ut nulla id, vulputate convallis lacus. Interdum et malesuada fames ac ante ipsum primis in faucibus. Fusce rutrum mauris in ante mollis, et blandit ex viverra. Vestibulum ante ipsum primis in faucibus orci luctus et ultrices posuere cubilia curae;	Surgen rumores sobre una muy posible cinta que explicar├í el pasado de Aranea	2025-06-09	La decimoquinta entrega de la saga tendr├í adaptaci├│n cinematogr├ífica	noticia	Podr├¡amos tener una nueva pel├¡cula de Final Fantasy XV	7	\N	\N	330	331	332	\N	\N
80	Nullam suscipit in ligula eu vehicula. Proin dapibus interdum nisl, ac fringilla eros hendrerit aliquet. In massa magna, interdum vel venenatis sed, porta eget augue. Integer vel ex fringilla, mollis ex id, volutpat sapien. Mauris a justo sollicitudin quam lacinia cursus vitae vel ante. Nam in nulla nec diam lobortis hendrerit non a leo. Nulla facilisi. Etiam ornare, nisl non rutrum consectetur, est ex sodales ex, id suscipit tellus justo eget nulla. Nulla cursus nibh vel sollicitudin pretium.\n\nDuis in congue lectus. Nulla facilisi. Sed at lorem a turpis rutrum iaculis in a enim. Nullam ligula dolor, varius sed magna nec, cursus mattis nisi. Pellentesque magna enim, pellentesque nec orci in, tempus volutpat urna. Sed suscipit dui sit amet ante varius, quis ornare magna congue. Vivamus quis erat imperdiet, rhoncus nisi varius, consequat tellus. Pellentesque habitant morbi tristique senectus et netus et malesuada fames ac turpis egestas. Vivamus eu sapien lacus.\n\nDuis faucibus nisi ultrices sagittis maximus. Sed tellus eros, cursus vitae placerat non, sagittis sit amet sem. Duis efficitur venenatis laoreet. In ultricies lectus vel vestibulum maximus. Integer malesuada fermentum aliquam. Fusce et nunc ac erat blandit commodo vitae ut ante. Sed elementum, ante eu vestibulum blandit, nulla leo congue urna, non vestibulum est risus sit amet ante. Donec lacinia elit a eros molestie, vitae efficitur neque hendrerit. Duis ultrices velit eu sagittis luctus. Nulla eu dolor vitae nulla aliquam vestibulum. Maecenas ipsum risus, imperdiet ut nulla id, vulputate convallis lacus. Interdum et malesuada fames ac ante ipsum primis in faucibus. Fusce rutrum mauris in ante mollis, et blandit ex viverra. Vestibulum ante ipsum primis in faucibus orci luctus et ultrices posuere cubilia curae;	Jak and Daxter es una de las sagas m├ís famosas de la era de la PlayStation 2	2025-06-09	La aclamada saga de Naughty Dog puede que est├® de vuelta	noticia	Jak and Daxter podr├¡a regresar	6	\N	\N	275	276	277	\N	\N
81	Nullam suscipit in ligula eu vehicula. Proin dapibus interdum nisl, ac fringilla eros hendrerit aliquet. In massa magna, interdum vel venenatis sed, porta eget augue. Integer vel ex fringilla, mollis ex id, volutpat sapien. Mauris a justo sollicitudin quam lacinia cursus vitae vel ante. Nam in nulla nec diam lobortis hendrerit non a leo. Nulla facilisi. Etiam ornare, nisl non rutrum consectetur, est ex sodales ex, id suscipit tellus justo eget nulla. Nulla cursus nibh vel sollicitudin pretium.\n\nDuis in congue lectus. Nulla facilisi. Sed at lorem a turpis rutrum iaculis in a enim. Nullam ligula dolor, varius sed magna nec, cursus mattis nisi. Pellentesque magna enim, pellentesque nec orci in, tempus volutpat urna. Sed suscipit dui sit amet ante varius, quis ornare magna congue. Vivamus quis erat imperdiet, rhoncus nisi varius, consequat tellus. Pellentesque habitant morbi tristique senectus et netus et malesuada fames ac turpis egestas. Vivamus eu sapien lacus.\n\nDuis faucibus nisi ultrices sagittis maximus. Sed tellus eros, cursus vitae placerat non, sagittis sit amet sem. Duis efficitur venenatis laoreet. In ultricies lectus vel vestibulum maximus. Integer malesuada fermentum aliquam. Fusce et nunc ac erat blandit commodo vitae ut ante. Sed elementum, ante eu vestibulum blandit, nulla leo congue urna, non vestibulum est risus sit amet ante. Donec lacinia elit a eros molestie, vitae efficitur neque hendrerit. Duis ultrices velit eu sagittis luctus. Nulla eu dolor vitae nulla aliquam vestibulum. Maecenas ipsum risus, imperdiet ut nulla id, vulputate convallis lacus. Interdum et malesuada fames ac ante ipsum primis in faucibus. Fusce rutrum mauris in ante mollis, et blandit ex viverra. Vestibulum ante ipsum primis in faucibus orci luctus et ultrices posuere cubilia curae;\n\nNullam suscipit in ligula eu vehicula. Proin dapibus interdum nisl, ac fringilla eros hendrerit aliquet. In massa magna, interdum vel venenatis sed, porta eget augue. Integer vel ex fringilla, mollis ex id, volutpat sapien. Mauris a justo sollicitudin quam lacinia cursus vitae vel ante. Nam in nulla nec diam lobortis hendrerit non a leo. Nulla facilisi. Etiam ornare, nisl non rutrum consectetur, est ex sodales ex, id suscipit tellus justo eget nulla. Nulla cursus nibh vel sollicitudin pretium.\n\nDuis in congue lectus. Nulla facilisi. Sed at lorem a turpis rutrum iaculis in a enim. Nullam ligula dolor, varius sed magna nec, cursus mattis nisi. Pellentesque magna enim, pellentesque nec orci in, tempus volutpat urna. Sed suscipit dui sit amet ante varius, quis ornare magna congue. Vivamus quis erat imperdiet, rhoncus nisi varius, consequat tellus. Pellentesque habitant morbi tristique senectus et netus et malesuada fames ac turpis egestas. Vivamus eu sapien lacus.\n\nDuis faucibus nisi ultrices sagittis maximus. Sed tellus eros, cursus vitae placerat non, sagittis sit amet sem. Duis efficitur venenatis laoreet. In ultricies lectus vel vestibulum maximus. Integer malesuada fermentum aliquam. Fusce et nunc ac erat blandit commodo vitae ut ante. Sed elementum, ante eu vestibulum blandit, nulla leo congue urna, non vestibulum est risus sit amet ante. Donec lacinia elit a eros molestie, vitae efficitur neque hendrerit. Duis ultrices velit eu sagittis luctus. Nulla eu dolor vitae nulla aliquam vestibulum. Maecenas ipsum risus, imperdiet ut nulla id, vulputate convallis lacus. Interdum et malesuada fames ac ante ipsum primis in faucibus. Fusce rutrum mauris in ante mollis, et blandit ex viverra. Vestibulum ante ipsum primis in faucibus orci luctus et ultrices posuere cubilia curae;	El videojuego que nos pone en la piel de Amicia nos transporta en un mundo horror├¡fico 	2025-06-09	Estamos ante una obra antib├®lica que cr├¡tica los horrores de la guerra	articulo	A Plague Tale Requiem y su carta de terror a la guerra	6	\N	\N	280	281	282	283	284
83	Nullam suscipit in ligula eu vehicula. Proin dapibus interdum nisl, ac fringilla eros hendrerit aliquet. In massa magna, interdum vel venenatis sed, porta eget augue. Integer vel ex fringilla, mollis ex id, volutpat sapien. Mauris a justo sollicitudin quam lacinia cursus vitae vel ante. Nam in nulla nec diam lobortis hendrerit non a leo. Nulla facilisi. Etiam ornare, nisl non rutrum consectetur, est ex sodales ex, id suscipit tellus justo eget nulla. Nulla cursus nibh vel sollicitudin pretium.\n\nDuis in congue lectus. Nulla facilisi. Sed at lorem a turpis rutrum iaculis in a enim. Nullam ligula dolor, varius sed magna nec, cursus mattis nisi. Pellentesque magna enim, pellentesque nec orci in, tempus volutpat urna. Sed suscipit dui sit amet ante varius, quis ornare magna congue. Vivamus quis erat imperdiet, rhoncus nisi varius, consequat tellus. Pellentesque habitant morbi tristique senectus et netus et malesuada fames ac turpis egestas. Vivamus eu sapien lacus.\n\nDuis faucibus nisi ultrices sagittis maximus. Sed tellus eros, cursus vitae placerat non, sagittis sit amet sem. Duis efficitur venenatis laoreet. In ultricies lectus vel vestibulum maximus. Integer malesuada fermentum aliquam. Fusce et nunc ac erat blandit commodo vitae ut ante. Sed elementum, ante eu vestibulum blandit, nulla leo congue urna, non vestibulum est risus sit amet ante. Donec lacinia elit a eros molestie, vitae efficitur neque hendrerit. Duis ultrices velit eu sagittis luctus. Nulla eu dolor vitae nulla aliquam vestibulum. Maecenas ipsum risus, imperdiet ut nulla id, vulputate convallis lacus. Interdum et malesuada fames ac ante ipsum primis in faucibus. Fusce rutrum mauris in ante mollis, et blandit ex viverra. Vestibulum ante ipsum primis in faucibus orci luctus et ultrices posuere cubilia curae;\n\nNullam suscipit in ligula eu vehicula. Proin dapibus interdum nisl, ac fringilla eros hendrerit aliquet. In massa magna, interdum vel venenatis sed, porta eget augue. Integer vel ex fringilla, mollis ex id, volutpat sapien. Mauris a justo sollicitudin quam lacinia cursus vitae vel ante. Nam in nulla nec diam lobortis hendrerit non a leo. Nulla facilisi. Etiam ornare, nisl non rutrum consectetur, est ex sodales ex, id suscipit tellus justo eget nulla. Nulla cursus nibh vel sollicitudin pretium.\n\nDuis in congue lectus. Nulla facilisi. Sed at lorem a turpis rutrum iaculis in a enim. Nullam ligula dolor, varius sed magna nec, cursus mattis nisi. Pellentesque magna enim, pellentesque nec orci in, tempus volutpat urna. Sed suscipit dui sit amet ante varius, quis ornare magna congue. Vivamus quis erat imperdiet, rhoncus nisi varius, consequat tellus. Pellentesque habitant morbi tristique senectus et netus et malesuada fames ac turpis egestas. Vivamus eu sapien lacus.\n\nDuis faucibus nisi ultrices sagittis maximus. Sed tellus eros, cursus vitae placerat non, sagittis sit amet sem. Duis efficitur venenatis laoreet. In ultricies lectus vel vestibulum maximus. Integer malesuada fermentum aliquam. Fusce et nunc ac erat blandit commodo vitae ut ante. Sed elementum, ante eu vestibulum blandit, nulla leo congue urna, non vestibulum est risus sit amet ante. Donec lacinia elit a eros molestie, vitae efficitur neque hendrerit. Duis ultrices velit eu sagittis luctus. Nulla eu dolor vitae nulla aliquam vestibulum. Maecenas ipsum risus, imperdiet ut nulla id, vulputate convallis lacus. Interdum et malesuada fames ac ante ipsum primis in faucibus. Fusce rutrum mauris in ante mollis, et blandit ex viverra. Vestibulum ante ipsum primis in faucibus orci luctus et ultrices posuere cubilia curae;	La aventura de Sir Daniel Fortesque ha encandilado a todo el mundo gracias a su diversi├│n	2025-06-09	El Remake de Medievil ha sido de los m├ís aclamados por los fans	analisis	Medievil Remake - An├ílisis	6	\N	\N	289	290	291	292	293
84	Nullam suscipit in ligula eu vehicula. Proin dapibus interdum nisl, ac fringilla eros hendrerit aliquet. In massa magna, interdum vel venenatis sed, porta eget augue. Integer vel ex fringilla, mollis ex id, volutpat sapien. Mauris a justo sollicitudin quam lacinia cursus vitae vel ante. Nam in nulla nec diam lobortis hendrerit non a leo. Nulla facilisi. Etiam ornare, nisl non rutrum consectetur, est ex sodales ex, id suscipit tellus justo eget nulla. Nulla cursus nibh vel sollicitudin pretium.\n\nDuis in congue lectus. Nulla facilisi. Sed at lorem a turpis rutrum iaculis in a enim. Nullam ligula dolor, varius sed magna nec, cursus mattis nisi. Pellentesque magna enim, pellentesque nec orci in, tempus volutpat urna. Sed suscipit dui sit amet ante varius, quis ornare magna congue. Vivamus quis erat imperdiet, rhoncus nisi varius, consequat tellus. Pellentesque habitant morbi tristique senectus et netus et malesuada fames ac turpis egestas. Vivamus eu sapien lacus.\n\nDuis faucibus nisi ultrices sagittis maximus. Sed tellus eros, cursus vitae placerat non, sagittis sit amet sem. Duis efficitur venenatis laoreet. In ultricies lectus vel vestibulum maximus. Integer malesuada fermentum aliquam. Fusce et nunc ac erat blandit commodo vitae ut ante. Sed elementum, ante eu vestibulum blandit, nulla leo congue urna, non vestibulum est risus sit amet ante. Donec lacinia elit a eros molestie, vitae efficitur neque hendrerit. Duis ultrices velit eu sagittis luctus. Nulla eu dolor vitae nulla aliquam vestibulum. Maecenas ipsum risus, imperdiet ut nulla id, vulputate convallis lacus. Interdum et malesuada fames ac ante ipsum primis in faucibus. Fusce rutrum mauris in ante mollis, et blandit ex viverra. Vestibulum ante ipsum primis in faucibus orci luctus et ultrices posuere cubilia curae;\n\nNullam suscipit in ligula eu vehicula. Proin dapibus interdum nisl, ac fringilla eros hendrerit aliquet. In massa magna, interdum vel venenatis sed, porta eget augue. Integer vel ex fringilla, mollis ex id, volutpat sapien. Mauris a justo sollicitudin quam lacinia cursus vitae vel ante. Nam in nulla nec diam lobortis hendrerit non a leo. Nulla facilisi. Etiam ornare, nisl non rutrum consectetur, est ex sodales ex, id suscipit tellus justo eget nulla. Nulla cursus nibh vel sollicitudin pretium.\n\nDuis in congue lectus. Nulla facilisi. Sed at lorem a turpis rutrum iaculis in a enim. Nullam ligula dolor, varius sed magna nec, cursus mattis nisi. Pellentesque magna enim, pellentesque nec orci in, tempus volutpat urna. Sed suscipit dui sit amet ante varius, quis ornare magna congue. Vivamus quis erat imperdiet, rhoncus nisi varius, consequat tellus. Pellentesque habitant morbi tristique senectus et netus et malesuada fames ac turpis egestas. Vivamus eu sapien lacus.\n\nDuis faucibus nisi ultrices sagittis maximus. Sed tellus eros, cursus vitae placerat non, sagittis sit amet sem. Duis efficitur venenatis laoreet. In ultricies lectus vel vestibulum maximus. Integer malesuada fermentum aliquam. Fusce et nunc ac erat blandit commodo vitae ut ante. Sed elementum, ante eu vestibulum blandit, nulla leo congue urna, non vestibulum est risus sit amet ante. Donec lacinia elit a eros molestie, vitae efficitur neque hendrerit. Duis ultrices velit eu sagittis luctus. Nulla eu dolor vitae nulla aliquam vestibulum. Maecenas ipsum risus, imperdiet ut nulla id, vulputate convallis lacus. Interdum et malesuada fames ac ante ipsum primis in faucibus. Fusce rutrum mauris in ante mollis, et blandit ex viverra. Vestibulum ante ipsum primis in faucibus orci luctus et ultrices posuere cubilia curae;	Estamos ante una obra que los desarrolladores crearon como una carta de amor a las plataformas	2025-06-09	La famosa saga del armadillo ha hecho disfrutar a todo el mundo	articulo	Crash Bandicoot y su manera de divertir al p├║blico	6	\N	\N	295	294	296	297	298
86	Nullam suscipit in ligula eu vehicula. Proin dapibus interdum nisl, ac fringilla eros hendrerit aliquet. In massa magna, interdum vel venenatis sed, porta eget augue. Integer vel ex fringilla, mollis ex id, volutpat sapien. Mauris a justo sollicitudin quam lacinia cursus vitae vel ante. Nam in nulla nec diam lobortis hendrerit non a leo. Nulla facilisi. Etiam ornare, nisl non rutrum consectetur, est ex sodales ex, id suscipit tellus justo eget nulla. Nulla cursus nibh vel sollicitudin pretium.\n\nDuis in congue lectus. Nulla facilisi. Sed at lorem a turpis rutrum iaculis in a enim. Nullam ligula dolor, varius sed magna nec, cursus mattis nisi. Pellentesque magna enim, pellentesque nec orci in, tempus volutpat urna. Sed suscipit dui sit amet ante varius, quis ornare magna congue. Vivamus quis erat imperdiet, rhoncus nisi varius, consequat tellus. Pellentesque habitant morbi tristique senectus et netus et malesuada fames ac turpis egestas. Vivamus eu sapien lacus.\n\nDuis faucibus nisi ultrices sagittis maximus. Sed tellus eros, cursus vitae placerat non, sagittis sit amet sem. Duis efficitur venenatis laoreet. In ultricies lectus vel vestibulum maximus. Integer malesuada fermentum aliquam. Fusce et nunc ac erat blandit commodo vitae ut ante. Sed elementum, ante eu vestibulum blandit, nulla leo congue urna, non vestibulum est risus sit amet ante. Donec lacinia elit a eros molestie, vitae efficitur neque hendrerit. Duis ultrices velit eu sagittis luctus. Nulla eu dolor vitae nulla aliquam vestibulum. Maecenas ipsum risus, imperdiet ut nulla id, vulputate convallis lacus. Interdum et malesuada fames ac ante ipsum primis in faucibus. Fusce rutrum mauris in ante mollis, et blandit ex viverra. Vestibulum ante ipsum primis in faucibus orci luctus et ultrices posuere cubilia curae;	Sebasti├ín Castellanos se queda sin concluir con su historia dado que se cancela su continuaci├│n	2025-06-09	El desarrollador de la obra de terror confirma que no seguir├í su historia	noticia	The Evil Within 2 no tendr├í secuela	6	\N	\N	307	305	306	\N	\N
87	Nullam suscipit in ligula eu vehicula. Proin dapibus interdum nisl, ac fringilla eros hendrerit aliquet. In massa magna, interdum vel venenatis sed, porta eget augue. Integer vel ex fringilla, mollis ex id, volutpat sapien. Mauris a justo sollicitudin quam lacinia cursus vitae vel ante. Nam in nulla nec diam lobortis hendrerit non a leo. Nulla facilisi. Etiam ornare, nisl non rutrum consectetur, est ex sodales ex, id suscipit tellus justo eget nulla. Nulla cursus nibh vel sollicitudin pretium.\n\nDuis in congue lectus. Nulla facilisi. Sed at lorem a turpis rutrum iaculis in a enim. Nullam ligula dolor, varius sed magna nec, cursus mattis nisi. Pellentesque magna enim, pellentesque nec orci in, tempus volutpat urna. Sed suscipit dui sit amet ante varius, quis ornare magna congue. Vivamus quis erat imperdiet, rhoncus nisi varius, consequat tellus. Pellentesque habitant morbi tristique senectus et netus et malesuada fames ac turpis egestas. Vivamus eu sapien lacus.\n\nDuis faucibus nisi ultrices sagittis maximus. Sed tellus eros, cursus vitae placerat non, sagittis sit amet sem. Duis efficitur venenatis laoreet. In ultricies lectus vel vestibulum maximus. Integer malesuada fermentum aliquam. Fusce et nunc ac erat blandit commodo vitae ut ante. Sed elementum, ante eu vestibulum blandit, nulla leo congue urna, non vestibulum est risus sit amet ante. Donec lacinia elit a eros molestie, vitae efficitur neque hendrerit. Duis ultrices velit eu sagittis luctus. Nulla eu dolor vitae nulla aliquam vestibulum. Maecenas ipsum risus, imperdiet ut nulla id, vulputate convallis lacus. Interdum et malesuada fames ac ante ipsum primis in faucibus. Fusce rutrum mauris in ante mollis, et blandit ex viverra. Vestibulum ante ipsum primis in faucibus orci luctus et ultrices posuere cubilia curae;\n\nNullam suscipit in ligula eu vehicula. Proin dapibus interdum nisl, ac fringilla eros hendrerit aliquet. In massa magna, interdum vel venenatis sed, porta eget augue. Integer vel ex fringilla, mollis ex id, volutpat sapien. Mauris a justo sollicitudin quam lacinia cursus vitae vel ante. Nam in nulla nec diam lobortis hendrerit non a leo. Nulla facilisi. Etiam ornare, nisl non rutrum consectetur, est ex sodales ex, id suscipit tellus justo eget nulla. Nulla cursus nibh vel sollicitudin pretium.\n\nDuis in congue lectus. Nulla facilisi. Sed at lorem a turpis rutrum iaculis in a enim. Nullam ligula dolor, varius sed magna nec, cursus mattis nisi. Pellentesque magna enim, pellentesque nec orci in, tempus volutpat urna. Sed suscipit dui sit amet ante varius, quis ornare magna congue. Vivamus quis erat imperdiet, rhoncus nisi varius, consequat tellus. Pellentesque habitant morbi tristique senectus et netus et malesuada fames ac turpis egestas. Vivamus eu sapien lacus.\n\nDuis faucibus nisi ultrices sagittis maximus. Sed tellus eros, cursus vitae placerat non, sagittis sit amet sem. Duis efficitur venenatis laoreet. In ultricies lectus vel vestibulum maximus. Integer malesuada fermentum aliquam. Fusce et nunc ac erat blandit commodo vitae ut ante. Sed elementum, ante eu vestibulum blandit, nulla leo congue urna, non vestibulum est risus sit amet ante. Donec lacinia elit a eros molestie, vitae efficitur neque hendrerit. Duis ultrices velit eu sagittis luctus. Nulla eu dolor vitae nulla aliquam vestibulum. Maecenas ipsum risus, imperdiet ut nulla id, vulputate convallis lacus. Interdum et malesuada fames ac ante ipsum primis in faucibus. Fusce rutrum mauris in ante mollis, et blandit ex viverra. Vestibulum ante ipsum primis in faucibus orci luctus et ultrices posuere cubilia curae;	Shepard y su tripulaci├│n se embarcan en una aventura ├®pica	2025-06-09	La historia de ciencia ficci├│n de Bioware es una obra maestra	analisis	Mass Effect - An├ílisis	7	\N	\N	309	308	310	311	312
89	Nullam suscipit in ligula eu vehicula. Proin dapibus interdum nisl, ac fringilla eros hendrerit aliquet. In massa magna, interdum vel venenatis sed, porta eget augue. Integer vel ex fringilla, mollis ex id, volutpat sapien. Mauris a justo sollicitudin quam lacinia cursus vitae vel ante. Nam in nulla nec diam lobortis hendrerit non a leo. Nulla facilisi. Etiam ornare, nisl non rutrum consectetur, est ex sodales ex, id suscipit tellus justo eget nulla. Nulla cursus nibh vel sollicitudin pretium.\n\nDuis in congue lectus. Nulla facilisi. Sed at lorem a turpis rutrum iaculis in a enim. Nullam ligula dolor, varius sed magna nec, cursus mattis nisi. Pellentesque magna enim, pellentesque nec orci in, tempus volutpat urna. Sed suscipit dui sit amet ante varius, quis ornare magna congue. Vivamus quis erat imperdiet, rhoncus nisi varius, consequat tellus. Pellentesque habitant morbi tristique senectus et netus et malesuada fames ac turpis egestas. Vivamus eu sapien lacus.\n\nDuis faucibus nisi ultrices sagittis maximus. Sed tellus eros, cursus vitae placerat non, sagittis sit amet sem. Duis efficitur venenatis laoreet. In ultricies lectus vel vestibulum maximus. Integer malesuada fermentum aliquam. Fusce et nunc ac erat blandit commodo vitae ut ante. Sed elementum, ante eu vestibulum blandit, nulla leo congue urna, non vestibulum est risus sit amet ante. Donec lacinia elit a eros molestie, vitae efficitur neque hendrerit. Duis ultrices velit eu sagittis luctus. Nulla eu dolor vitae nulla aliquam vestibulum. Maecenas ipsum risus, imperdiet ut nulla id, vulputate convallis lacus. Interdum et malesuada fames ac ante ipsum primis in faucibus. Fusce rutrum mauris in ante mollis, et blandit ex viverra. Vestibulum ante ipsum primis in faucibus orci luctus et ultrices posuere cubilia curae;\n\nNullam suscipit in ligula eu vehicula. Proin dapibus interdum nisl, ac fringilla eros hendrerit aliquet. In massa magna, interdum vel venenatis sed, porta eget augue. Integer vel ex fringilla, mollis ex id, volutpat sapien. Mauris a justo sollicitudin quam lacinia cursus vitae vel ante. Nam in nulla nec diam lobortis hendrerit non a leo. Nulla facilisi. Etiam ornare, nisl non rutrum consectetur, est ex sodales ex, id suscipit tellus justo eget nulla. Nulla cursus nibh vel sollicitudin pretium.\n\nDuis in congue lectus. Nulla facilisi. Sed at lorem a turpis rutrum iaculis in a enim. Nullam ligula dolor, varius sed magna nec, cursus mattis nisi. Pellentesque magna enim, pellentesque nec orci in, tempus volutpat urna. Sed suscipit dui sit amet ante varius, quis ornare magna congue. Vivamus quis erat imperdiet, rhoncus nisi varius, consequat tellus. Pellentesque habitant morbi tristique senectus et netus et malesuada fames ac turpis egestas. Vivamus eu sapien lacus.\n\nDuis faucibus nisi ultrices sagittis maximus. Sed tellus eros, cursus vitae placerat non, sagittis sit amet sem. Duis efficitur venenatis laoreet. In ultricies lectus vel vestibulum maximus. Integer malesuada fermentum aliquam. Fusce et nunc ac erat blandit commodo vitae ut ante. Sed elementum, ante eu vestibulum blandit, nulla leo congue urna, non vestibulum est risus sit amet ante. Donec lacinia elit a eros molestie, vitae efficitur neque hendrerit. Duis ultrices velit eu sagittis luctus. Nulla eu dolor vitae nulla aliquam vestibulum. Maecenas ipsum risus, imperdiet ut nulla id, vulputate convallis lacus. Interdum et malesuada fames ac ante ipsum primis in faucibus. Fusce rutrum mauris in ante mollis, et blandit ex viverra. Vestibulum ante ipsum primis in faucibus orci luctus et ultrices posuere cubilia curae;	Hideo Kojima, reconocido autor de videojuegos, ama el cine y eso se deja notar en MGS IV	2025-06-09	La cuarta entrega de la saga est├í muy influenciada por el cine	articulo	Metal Gear Solid 4 - Recordando la aventura cinematogr├ífica	7	\N	\N	318	319	320	321	322
91	Nullam suscipit in ligula eu vehicula. Proin dapibus interdum nisl, ac fringilla eros hendrerit aliquet. In massa magna, interdum vel venenatis sed, porta eget augue. Integer vel ex fringilla, mollis ex id, volutpat sapien. Mauris a justo sollicitudin quam lacinia cursus vitae vel ante. Nam in nulla nec diam lobortis hendrerit non a leo. Nulla facilisi. Etiam ornare, nisl non rutrum consectetur, est ex sodales ex, id suscipit tellus justo eget nulla. Nulla cursus nibh vel sollicitudin pretium.\n\nDuis in congue lectus. Nulla facilisi. Sed at lorem a turpis rutrum iaculis in a enim. Nullam ligula dolor, varius sed magna nec, cursus mattis nisi. Pellentesque magna enim, pellentesque nec orci in, tempus volutpat urna. Sed suscipit dui sit amet ante varius, quis ornare magna congue. Vivamus quis erat imperdiet, rhoncus nisi varius, consequat tellus. Pellentesque habitant morbi tristique senectus et netus et malesuada fames ac turpis egestas. Vivamus eu sapien lacus.\n\nDuis faucibus nisi ultrices sagittis maximus. Sed tellus eros, cursus vitae placerat non, sagittis sit amet sem. Duis efficitur venenatis laoreet. In ultricies lectus vel vestibulum maximus. Integer malesuada fermentum aliquam. Fusce et nunc ac erat blandit commodo vitae ut ante. Sed elementum, ante eu vestibulum blandit, nulla leo congue urna, non vestibulum est risus sit amet ante. Donec lacinia elit a eros molestie, vitae efficitur neque hendrerit. Duis ultrices velit eu sagittis luctus. Nulla eu dolor vitae nulla aliquam vestibulum. Maecenas ipsum risus, imperdiet ut nulla id, vulputate convallis lacus. Interdum et malesuada fames ac ante ipsum primis in faucibus. Fusce rutrum mauris in ante mollis, et blandit ex viverra. Vestibulum ante ipsum primis in faucibus orci luctus et ultrices posuere cubilia curae;	Es impresionante lo que ha logrado Capcom con su entrega RPG con ambientaci├│n mitol├│gica	2025-06-09	Dragon's Dogma recibe el galard├│n a mejor RPG	noticia	Dragon's Dogma ha sido reconocido como el RPG del a├▒o	7	\N	\N	327	328	329	\N	\N
90	Nullam suscipit in ligula eu vehicula. Proin dapibus interdum nisl, ac fringilla eros hendrerit aliquet. In massa magna, interdum vel venenatis sed, porta eget augue. Integer vel ex fringilla, mollis ex id, volutpat sapien. Mauris a justo sollicitudin quam lacinia cursus vitae vel ante. Nam in nulla nec diam lobortis hendrerit non a leo. Nulla facilisi. Etiam ornare, nisl non rutrum consectetur, est ex sodales ex, id suscipit tellus justo eget nulla. Nulla cursus nibh vel sollicitudin pretium.\n\nDuis in congue lectus. Nulla facilisi. Sed at lorem a turpis rutrum iaculis in a enim. Nullam ligula dolor, varius sed magna nec, cursus mattis nisi. Pellentesque magna enim, pellentesque nec orci in, tempus volutpat urna. Sed suscipit dui sit amet ante varius, quis ornare magna congue. Vivamus quis erat imperdiet, rhoncus nisi varius, consequat tellus. Pellentesque habitant morbi tristique senectus et netus et malesuada fames ac turpis egestas. Vivamus eu sapien lacus.\n\nDuis faucibus nisi ultrices sagittis maximus. Sed tellus eros, cursus vitae placerat non, sagittis sit amet sem. Duis efficitur venenatis laoreet. In ultricies lectus vel vestibulum maximus. Integer malesuada fermentum aliquam. Fusce et nunc ac erat blandit commodo vitae ut ante. Sed elementum, ante eu vestibulum blandit, nulla leo congue urna, non vestibulum est risus sit amet ante. Donec lacinia elit a eros molestie, vitae efficitur neque hendrerit. Duis ultrices velit eu sagittis luctus. Nulla eu dolor vitae nulla aliquam vestibulum. Maecenas ipsum risus, imperdiet ut nulla id, vulputate convallis lacus. Interdum et malesuada fames ac ante ipsum primis in faucibus. Fusce rutrum mauris in ante mollis, et blandit ex viverra. Vestibulum ante ipsum primis in faucibus orci luctus et ultrices posuere cubilia curae;\n\nNullam suscipit in ligula eu vehicula. Proin dapibus interdum nisl, ac fringilla eros hendrerit aliquet. In massa magna, interdum vel venenatis sed, porta eget augue. Integer vel ex fringilla, mollis ex id, volutpat sapien. Mauris a justo sollicitudin quam lacinia cursus vitae vel ante. Nam in nulla nec diam lobortis hendrerit non a leo. Nulla facilisi. Etiam ornare, nisl non rutrum consectetur, est ex sodales ex, id suscipit tellus justo eget nulla. Nulla cursus nibh vel sollicitudin pretium.\n\nDuis in congue lectus. Nulla facilisi. Sed at lorem a turpis rutrum iaculis in a enim. Nullam ligula dolor, varius sed magna nec, cursus mattis nisi. Pellentesque magna enim, pellentesque nec orci in, tempus volutpat urna. Sed suscipit dui sit amet ante varius, quis ornare magna congue. Vivamus quis erat imperdiet, rhoncus nisi varius, consequat tellus. Pellentesque habitant morbi tristique senectus et netus et malesuada fames ac turpis egestas. Vivamus eu sapien lacus.\n\nDuis faucibus nisi ultrices sagittis maximus. Sed tellus eros, cursus vitae placerat non, sagittis sit amet sem. Duis efficitur venenatis laoreet. In ultricies lectus vel vestibulum maximus. Integer malesuada fermentum aliquam. Fusce et nunc ac erat blandit commodo vitae ut ante. Sed elementum, ante eu vestibulum blandit, nulla leo congue urna, non vestibulum est risus sit amet ante. Donec lacinia elit a eros molestie, vitae efficitur neque hendrerit. Duis ultrices velit eu sagittis luctus. Nulla eu dolor vitae nulla aliquam vestibulum. Maecenas ipsum risus, imperdiet ut nulla id, vulputate convallis lacus. Interdum et malesuada fames ac ante ipsum primis in faucibus. Fusce rutrum mauris in ante mollis, et blandit ex viverra. Vestibulum ante ipsum primis in faucibus orci luctus et ultrices posuere cubilia curae;	Solid Snake, el soldado legendario, regresa para lograr salvar el mundo	2025-06-09	La quinta entrega de la saga nos presenta la historia b├®lica del a├▒o	analisis	Metal Gear Solid V - An├ílisis	7	\N	\N	323	324	325	326	\N
93	Nullam suscipit in ligula eu vehicula. Proin dapibus interdum nisl, ac fringilla eros hendrerit aliquet. In massa magna, interdum vel venenatis sed, porta eget augue. Integer vel ex fringilla, mollis ex id, volutpat sapien. Mauris a justo sollicitudin quam lacinia cursus vitae vel ante. Nam in nulla nec diam lobortis hendrerit non a leo. Nulla facilisi. Etiam ornare, nisl non rutrum consectetur, est ex sodales ex, id suscipit tellus justo eget nulla. Nulla cursus nibh vel sollicitudin pretium.\n\nDuis in congue lectus. Nulla facilisi. Sed at lorem a turpis rutrum iaculis in a enim. Nullam ligula dolor, varius sed magna nec, cursus mattis nisi. Pellentesque magna enim, pellentesque nec orci in, tempus volutpat urna. Sed suscipit dui sit amet ante varius, quis ornare magna congue. Vivamus quis erat imperdiet, rhoncus nisi varius, consequat tellus. Pellentesque habitant morbi tristique senectus et netus et malesuada fames ac turpis egestas. Vivamus eu sapien lacus.\n\nDuis faucibus nisi ultrices sagittis maximus. Sed tellus eros, cursus vitae placerat non, sagittis sit amet sem. Duis efficitur venenatis laoreet. In ultricies lectus vel vestibulum maximus. Integer malesuada fermentum aliquam. Fusce et nunc ac erat blandit commodo vitae ut ante. Sed elementum, ante eu vestibulum blandit, nulla leo congue urna, non vestibulum est risus sit amet ante. Donec lacinia elit a eros molestie, vitae efficitur neque hendrerit. Duis ultrices velit eu sagittis luctus. Nulla eu dolor vitae nulla aliquam vestibulum. Maecenas ipsum risus, imperdiet ut nulla id, vulputate convallis lacus. Interdum et malesuada fames ac ante ipsum primis in faucibus. Fusce rutrum mauris in ante mollis, et blandit ex viverra. Vestibulum ante ipsum primis in faucibus orci luctus et ultrices posuere cubilia curae;	Grand Theft Auto V ha logrado un hito hist├│rico gracias a sus ventas	2025-06-09	El t├¡tulo de Rockstar es el m├ís exitoso de la historia	noticia	GTA V vende 120 millones de copias	7	\N	\N	333	334	335	\N	\N
94	Nullam suscipit in ligula eu vehicula. Proin dapibus interdum nisl, ac fringilla eros hendrerit aliquet. In massa magna, interdum vel venenatis sed, porta eget augue. Integer vel ex fringilla, mollis ex id, volutpat sapien. Mauris a justo sollicitudin quam lacinia cursus vitae vel ante. Nam in nulla nec diam lobortis hendrerit non a leo. Nulla facilisi. Etiam ornare, nisl non rutrum consectetur, est ex sodales ex, id suscipit tellus justo eget nulla. Nulla cursus nibh vel sollicitudin pretium.\n\nDuis in congue lectus. Nulla facilisi. Sed at lorem a turpis rutrum iaculis in a enim. Nullam ligula dolor, varius sed magna nec, cursus mattis nisi. Pellentesque magna enim, pellentesque nec orci in, tempus volutpat urna. Sed suscipit dui sit amet ante varius, quis ornare magna congue. Vivamus quis erat imperdiet, rhoncus nisi varius, consequat tellus. Pellentesque habitant morbi tristique senectus et netus et malesuada fames ac turpis egestas. Vivamus eu sapien lacus.\n\nDuis faucibus nisi ultrices sagittis maximus. Sed tellus eros, cursus vitae placerat non, sagittis sit amet sem. Duis efficitur venenatis laoreet. In ultricies lectus vel vestibulum maximus. Integer malesuada fermentum aliquam. Fusce et nunc ac erat blandit commodo vitae ut ante. Sed elementum, ante eu vestibulum blandit, nulla leo congue urna, non vestibulum est risus sit amet ante. Donec lacinia elit a eros molestie, vitae efficitur neque hendrerit. Duis ultrices velit eu sagittis luctus. Nulla eu dolor vitae nulla aliquam vestibulum. Maecenas ipsum risus, imperdiet ut nulla id, vulputate convallis lacus. Interdum et malesuada fames ac ante ipsum primis in faucibus. Fusce rutrum mauris in ante mollis, et blandit ex viverra. Vestibulum ante ipsum primis in faucibus orci luctus et ultrices posuere cubilia curae;\n\nNullam suscipit in ligula eu vehicula. Proin dapibus interdum nisl, ac fringilla eros hendrerit aliquet. In massa magna, interdum vel venenatis sed, porta eget augue. Integer vel ex fringilla, mollis ex id, volutpat sapien. Mauris a justo sollicitudin quam lacinia cursus vitae vel ante. Nam in nulla nec diam lobortis hendrerit non a leo. Nulla facilisi. Etiam ornare, nisl non rutrum consectetur, est ex sodales ex, id suscipit tellus justo eget nulla. Nulla cursus nibh vel sollicitudin pretium.\n\nDuis in congue lectus. Nulla facilisi. Sed at lorem a turpis rutrum iaculis in a enim. Nullam ligula dolor, varius sed magna nec, cursus mattis nisi. Pellentesque magna enim, pellentesque nec orci in, tempus volutpat urna. Sed suscipit dui sit amet ante varius, quis ornare magna congue. Vivamus quis erat imperdiet, rhoncus nisi varius, consequat tellus. Pellentesque habitant morbi tristique senectus et netus et malesuada fames ac turpis egestas. Vivamus eu sapien lacus.\n\nDuis faucibus nisi ultrices sagittis maximus. Sed tellus eros, cursus vitae placerat non, sagittis sit amet sem. Duis efficitur venenatis laoreet. In ultricies lectus vel vestibulum maximus. Integer malesuada fermentum aliquam. Fusce et nunc ac erat blandit commodo vitae ut ante. Sed elementum, ante eu vestibulum blandit, nulla leo congue urna, non vestibulum est risus sit amet ante. Donec lacinia elit a eros molestie, vitae efficitur neque hendrerit. Duis ultrices velit eu sagittis luctus. Nulla eu dolor vitae nulla aliquam vestibulum. Maecenas ipsum risus, imperdiet ut nulla id, vulputate convallis lacus. Interdum et malesuada fames ac ante ipsum primis in faucibus. Fusce rutrum mauris in ante mollis, et blandit ex viverra. Vestibulum ante ipsum primis in faucibus orci luctus et ultrices posuere cubilia curae;	El t├¡tulo que nos transporta en la piel de los magos nos promete ser una aventura llena de magia y hechicer├¡a	2025-06-09	Howgarts Legacy se ha propuesto ser el mejor videojuego de la franquicia Harry Potter	articulo	┬┐Qu├® hace que un videojuego funcione como adaptaci├│n de una saga cinematogr├ífica?	7	\N	\N	336	337	338	339	340
95	Nullam suscipit in ligula eu vehicula. Proin dapibus interdum nisl, ac fringilla eros hendrerit aliquet. In massa magna, interdum vel venenatis sed, porta eget augue. Integer vel ex fringilla, mollis ex id, volutpat sapien. Mauris a justo sollicitudin quam lacinia cursus vitae vel ante. Nam in nulla nec diam lobortis hendrerit non a leo. Nulla facilisi. Etiam ornare, nisl non rutrum consectetur, est ex sodales ex, id suscipit tellus justo eget nulla. Nulla cursus nibh vel sollicitudin pretium.\n\nDuis in congue lectus. Nulla facilisi. Sed at lorem a turpis rutrum iaculis in a enim. Nullam ligula dolor, varius sed magna nec, cursus mattis nisi. Pellentesque magna enim, pellentesque nec orci in, tempus volutpat urna. Sed suscipit dui sit amet ante varius, quis ornare magna congue. Vivamus quis erat imperdiet, rhoncus nisi varius, consequat tellus. Pellentesque habitant morbi tristique senectus et netus et malesuada fames ac turpis egestas. Vivamus eu sapien lacus.\n\nDuis faucibus nisi ultrices sagittis maximus. Sed tellus eros, cursus vitae placerat non, sagittis sit amet sem. Duis efficitur venenatis laoreet. In ultricies lectus vel vestibulum maximus. Integer malesuada fermentum aliquam. Fusce et nunc ac erat blandit commodo vitae ut ante. Sed elementum, ante eu vestibulum blandit, nulla leo congue urna, non vestibulum est risus sit amet ante. Donec lacinia elit a eros molestie, vitae efficitur neque hendrerit. Duis ultrices velit eu sagittis luctus. Nulla eu dolor vitae nulla aliquam vestibulum. Maecenas ipsum risus, imperdiet ut nulla id, vulputate convallis lacus. Interdum et malesuada fames ac ante ipsum primis in faucibus. Fusce rutrum mauris in ante mollis, et blandit ex viverra. Vestibulum ante ipsum primis in faucibus orci luctus et ultrices posuere cubilia curae;\n\nNullam suscipit in ligula eu vehicula. Proin dapibus interdum nisl, ac fringilla eros hendrerit aliquet. In massa magna, interdum vel venenatis sed, porta eget augue. Integer vel ex fringilla, mollis ex id, volutpat sapien. Mauris a justo sollicitudin quam lacinia cursus vitae vel ante. Nam in nulla nec diam lobortis hendrerit non a leo. Nulla facilisi. Etiam ornare, nisl non rutrum consectetur, est ex sodales ex, id suscipit tellus justo eget nulla. Nulla cursus nibh vel sollicitudin pretium.\n\nDuis in congue lectus. Nulla facilisi. Sed at lorem a turpis rutrum iaculis in a enim. Nullam ligula dolor, varius sed magna nec, cursus mattis nisi. Pellentesque magna enim, pellentesque nec orci in, tempus volutpat urna. Sed suscipit dui sit amet ante varius, quis ornare magna congue. Vivamus quis erat imperdiet, rhoncus nisi varius, consequat tellus. Pellentesque habitant morbi tristique senectus et netus et malesuada fames ac turpis egestas. Vivamus eu sapien lacus.\n\nDuis faucibus nisi ultrices sagittis maximus. Sed tellus eros, cursus vitae placerat non, sagittis sit amet sem. Duis efficitur venenatis laoreet. In ultricies lectus vel vestibulum maximus. Integer malesuada fermentum aliquam. Fusce et nunc ac erat blandit commodo vitae ut ante. Sed elementum, ante eu vestibulum blandit, nulla leo congue urna, non vestibulum est risus sit amet ante. Donec lacinia elit a eros molestie, vitae efficitur neque hendrerit. Duis ultrices velit eu sagittis luctus. Nulla eu dolor vitae nulla aliquam vestibulum. Maecenas ipsum risus, imperdiet ut nulla id, vulputate convallis lacus. Interdum et malesuada fames ac ante ipsum primis in faucibus. Fusce rutrum mauris in ante mollis, et blandit ex viverra. Vestibulum ante ipsum primis in faucibus orci luctus et ultrices posuere cubilia curae;	Combatir al son del comp├ís nunca ha sido tan divertido y emocionante	2025-06-09	La obra de Tango es una maravilla audiovisual	articulo	Hi-Fi Rush y el ritmo m├║sical	7	\N	\N	341	342	343	344	\N
\.


--
-- Data for Name: posts_etiquetas; Type: TABLE DATA; Schema: public; Owner: gamestation_db_user
--

COPY public.posts_etiquetas (id_etiqueta, id_post) FROM stdin;
\.


--
-- Data for Name: posts_multimedia; Type: TABLE DATA; Schema: public; Owner: gamestation_db_user
--

COPY public.posts_multimedia (multimedia_id, post_id, rol) FROM stdin;
216	67	portada
217	67	miniatura
218	67	contenido1
219	67	contenido2
220	67	contenido3
221	68	portada
222	68	miniatura
223	68	contenido1
224	68	contenido2
225	68	contenido3
227	69	contenido1
228	69	miniatura
229	69	contenido2
230	69	contenido3
226	69	portada
231	70	miniatura
232	70	portada
233	70	contenido1
234	71	miniatura
235	71	portada
236	71	contenido1
237	71	contenido2
238	71	contenido3
239	72	miniatura
240	72	portada
241	72	contenido1
243	73	portada
244	73	contenido1
242	73	miniatura
245	74	portada
246	74	miniatura
247	74	contenido1
248	74	contenido2
249	74	contenido3
250	75	miniatura
252	75	portada
254	75	contenido1
255	75	contenido2
256	75	contenido3
259	76	contenido1
260	76	contenido2
261	76	contenido3
257	76	miniatura
258	76	portada
262	77	portada
263	77	miniatura
264	77	contenido1
265	77	contenido2
266	77	contenido3
267	78	contenido3
268	78	contenido2
269	78	contenido1
270	78	portada
271	78	miniatura
272	79	miniatura
273	79	portada
274	79	contenido1
275	80	miniatura
276	80	portada
277	80	contenido1
280	81	miniatura
281	81	portada
282	81	contenido1
283	81	contenido2
284	81	contenido3
285	82	contenido2
286	82	portada
287	82	contenido1
288	82	miniatura
291	83	contenido1
292	83	contenido2
293	83	contenido3
289	83	miniatura
290	83	portada
294	84	portada
295	84	miniatura
296	84	contenido1
297	84	contenido2
298	84	contenido3
299	85	miniatura
300	85	portada
301	85	contenido1
302	85	contenido2
303	85	contenido3
307	86	miniatura
305	86	portada
306	86	contenido1
308	87	portada
309	87	miniatura
310	87	contenido1
311	87	contenido2
312	87	contenido3
313	88	contenido3
314	88	miniatura
315	88	portada
316	88	contenido2
317	88	contenido1
318	89	miniatura
319	89	portada
320	89	contenido1
321	89	contenido2
322	89	contenido3
323	90	miniatura
324	90	portada
325	90	contenido1
326	90	contenido2
327	91	miniatura
328	91	portada
329	91	contenido1
330	92	miniatura
331	92	portada
332	92	contenido1
333	93	miniatura
334	93	portada
335	93	contenido1
339	94	contenido2
340	94	contenido3
336	94	miniatura
337	94	portada
338	94	contenido1
341	95	miniatura
342	95	portada
343	95	contenido1
344	95	contenido2
\.


--
-- Data for Name: reacciones; Type: TABLE DATA; Schema: public; Owner: gamestation_db_user
--

COPY public.reacciones (id, fecha_creacion, tipo, id_post, id_usuario) FROM stdin;
\.


--
-- Data for Name: roles; Type: TABLE DATA; Schema: public; Owner: gamestation_db_user
--

COPY public.roles (id, rol) FROM stdin;
1	administrador
2	analista
3	usuario
\.


--
-- Data for Name: usuarios; Type: TABLE DATA; Schema: public; Owner: gamestation_db_user
--

COPY public.usuarios (id, apellidos, dni, email, fecha_nacimiento, imagen, nombre, password, id_rol) FROM stdin;
5	Mart├¡nez Le├│n	56789012E	analista1@email.com	1985-01-15	\N	Analista1	$2a$12$oSc62XYZ0nWRxOmdZ5AnceCyiiPXWGyYCE90CbGTZIgyjCQQikJlC	2
6	S├ínchez Vera	67890123F	analista2@email.com	1987-04-20	\N	Analista2	$2a$12$oSc62XYZ0nWRxOmdZ5AnceCyiiPXWGyYCE90CbGTZIgyjCQQikJlC	2
7	Moreno R├¡os	78901234G	analista3@email.com	1991-07-30	\N	Analista3	$2a$12$oSc62XYZ0nWRxOmdZ5AnceCyiiPXWGyYCE90CbGTZIgyjCQQikJlC	2
8	Castro Pe├▒a	89012345H	analista4@email.com	1989-11-11	\N	Analista4	$2a$12$oSc62XYZ0nWRxOmdZ5AnceCyiiPXWGyYCE90CbGTZIgyjCQQikJlC	2
1	P├®rez Garc├¡a	12345678A	juan.perez@email.com	1992-05-10	\N	Juan	$2a$12$p9VAZH/F0OP2lbk1JF.nfucXcxeMd1Od0WxB2Casp5n18jGCQB2hm	3
2	L├│pez D├¡az	23456789B	ana.lopez@email.com	1995-08-22	\N	Ana	$2a$12$p9VAZH/F0OP2lbk1JF.nfucXcxeMd1Od0WxB2Casp5n18jGCQB2hm	3
3	Ruiz Torres	34567890C	carlos.ruiz@email.com	1990-12-01	\N	Carlos	$2a$12$p9VAZH/F0OP2lbk1JF.nfucXcxeMd1Od0WxB2Casp5n18jGCQB2hm	3
4	G├│mez S├íez	45678901D	lucia.gomez@email.com	1998-03-15	\N	Luc├¡a	$2a$12$p9VAZH/F0OP2lbk1JF.nfucXcxeMd1Od0WxB2Casp5n18jGCQB2hm	3
9	\N	\N	javier@email.com	\N	\N	Javier	$2a$10$vtIRuvRp0wGbp2OPGb/L6uwDfF60hJPvaXoXDCRsBaFo9Ot8gD4NS	3
10	\N	\N	javierr@email.com	\N	\N	Javierr	$2a$10$qOQnvtsIN6CrJgDPaNPEk.cqlNuKk7LKqMb2teDHESpQ3PKLbJRpi	3
11	Valentine	46275967A	javieeer@email.com	\N	\N	Javieer	$2a$10$YzKSxn/USEz7uapUf5FnLO2S9M56Y.kot.CBWgn2s6IfzBBlVYWq6	3
\.


--
-- Data for Name: videojuegos; Type: TABLE DATA; Schema: public; Owner: gamestation_db_user
--

COPY public.videojuegos (id, compania, descripcion, duracion, imagen, jugadores, lanzamiento, titulo) FROM stdin;
1	Nintendo	Aventura en mundo abierto	50	\N	1	2017-03-03	The Legend of Zelda: Breath of the Wild
2	Sony	Acci├│n y aventura	25	\N	1	2022-11-09	God of War: Ragnarok
3	FromSoftware	RPG desafiante	60	\N	1	2022-02-25	Elden Ring
4	CD Projekt	RPG futurista	40	\N	1	2020-12-10	Cyberpunk 2077
5	Rockstar Games	Mundo abierto, crimen	80	\N	1	2013-09-17	Grand Theft Auto V
6	Mojang	Construcci├│n y supervivencia	100	\N	4	2011-11-18	Minecraft
7	Epic Games	Battle Royale	30	\N	100	2017-07-25	Fortnite
8	Valve	Shooter t├íctico	20	\N	10	2012-08-21	Counter-Strike: Global Offensive
9	EA Sports	F├║tbol	15	\N	4	2023-09-29	EA Sports FC 24
10	Nintendo	Plataformas	20	\N	4	2023-10-20	Super Mario Bros. Wonder
11	Capcom	Acci├│n y terror	12	\N	1	2023-03-24	Resident Evil 4 Remake
12	Square Enix	RPG cl├ísico	40	\N	1	2020-04-10	Final Fantasy VII Remake
13	Ubisoft	Acci├│n y sigilo	35	\N	1	2020-11-10	AssassinÔÇÖs Creed Valhalla
14	Bandai Namco	Lucha	10	\N	2	2023-01-26	Tekken 8
15	Nintendo	Simulaci├│n social	80	\N	1	2020-03-20	Animal Crossing: New Horizons
16	Insomniac Games	Acci├│n y superh├®roes	18	\N	1	2023-10-20	MarvelÔÇÖs Spider-Man 2
17	Blizzard	RPG de acci├│n	50	\N	4	2023-06-06	Diablo IV
18	Nintendo	Carreras	10	\N	4	2017-04-28	Mario Kart 8 Deluxe
19	Bethesda	RPG espacial	60	\N	1	2023-09-06	Starfield
20	Larian Studios	RPG t├íctico	100	\N	4	2023-08-03	BaldurÔÇÖs Gate 3
\.


--
-- Data for Name: videojuegos_genero; Type: TABLE DATA; Schema: public; Owner: gamestation_db_user
--

COPY public.videojuegos_genero (id_genero, id_videojuego) FROM stdin;
\.


--
-- Data for Name: videojuegos_idioma; Type: TABLE DATA; Schema: public; Owner: gamestation_db_user
--

COPY public.videojuegos_idioma (id_idioma, id_videojuego) FROM stdin;
\.


--
-- Data for Name: videojuegos_multimedia; Type: TABLE DATA; Schema: public; Owner: gamestation_db_user
--

COPY public.videojuegos_multimedia (multimedia_id, videojuego_id) FROM stdin;
\.


--
-- Data for Name: videojuegos_plataforma; Type: TABLE DATA; Schema: public; Owner: gamestation_db_user
--

COPY public.videojuegos_plataforma (id_plataforma, id_videojuego) FROM stdin;
\.


--
-- Name: analista_id_seq; Type: SEQUENCE SET; Schema: public; Owner: gamestation_db_user
--

SELECT pg_catalog.setval('public.analista_id_seq', 4, true);


--
-- Name: categorias_id_seq; Type: SEQUENCE SET; Schema: public; Owner: gamestation_db_user
--

SELECT pg_catalog.setval('public.categorias_id_seq', 1, false);


--
-- Name: comentarios_id_seq; Type: SEQUENCE SET; Schema: public; Owner: gamestation_db_user
--

SELECT pg_catalog.setval('public.comentarios_id_seq', 1, false);


--
-- Name: etiquetas_id_seq; Type: SEQUENCE SET; Schema: public; Owner: gamestation_db_user
--

SELECT pg_catalog.setval('public.etiquetas_id_seq', 1, false);


--
-- Name: genero_id_seq; Type: SEQUENCE SET; Schema: public; Owner: gamestation_db_user
--

SELECT pg_catalog.setval('public.genero_id_seq', 1, false);


--
-- Name: idiomas_id_seq; Type: SEQUENCE SET; Schema: public; Owner: gamestation_db_user
--

SELECT pg_catalog.setval('public.idiomas_id_seq', 1, false);


--
-- Name: multimedia_id_seq; Type: SEQUENCE SET; Schema: public; Owner: gamestation_db_user
--

SELECT pg_catalog.setval('public.multimedia_id_seq', 344, true);


--
-- Name: plataforma_id_seq; Type: SEQUENCE SET; Schema: public; Owner: gamestation_db_user
--

SELECT pg_catalog.setval('public.plataforma_id_seq', 1, false);


--
-- Name: posts_id_seq; Type: SEQUENCE SET; Schema: public; Owner: gamestation_db_user
--

SELECT pg_catalog.setval('public.posts_id_seq', 95, true);


--
-- Name: reacciones_id_seq; Type: SEQUENCE SET; Schema: public; Owner: gamestation_db_user
--

SELECT pg_catalog.setval('public.reacciones_id_seq', 1, false);


--
-- Name: roles_id_seq; Type: SEQUENCE SET; Schema: public; Owner: gamestation_db_user
--

SELECT pg_catalog.setval('public.roles_id_seq', 1, false);


--
-- Name: usuarios_id_seq; Type: SEQUENCE SET; Schema: public; Owner: gamestation_db_user
--

SELECT pg_catalog.setval('public.usuarios_id_seq', 11, true);


--
-- Name: videojuegos_id_seq; Type: SEQUENCE SET; Schema: public; Owner: gamestation_db_user
--

SELECT pg_catalog.setval('public.videojuegos_id_seq', 1, false);


--
-- Name: analista analista_pkey; Type: CONSTRAINT; Schema: public; Owner: gamestation_db_user
--

ALTER TABLE ONLY public.analista
    ADD CONSTRAINT analista_pkey PRIMARY KEY (id);


--
-- Name: categorias categorias_pkey; Type: CONSTRAINT; Schema: public; Owner: gamestation_db_user
--

ALTER TABLE ONLY public.categorias
    ADD CONSTRAINT categorias_pkey PRIMARY KEY (id);


--
-- Name: comentarios comentarios_pkey; Type: CONSTRAINT; Schema: public; Owner: gamestation_db_user
--

ALTER TABLE ONLY public.comentarios
    ADD CONSTRAINT comentarios_pkey PRIMARY KEY (id);


--
-- Name: etiquetas etiquetas_pkey; Type: CONSTRAINT; Schema: public; Owner: gamestation_db_user
--

ALTER TABLE ONLY public.etiquetas
    ADD CONSTRAINT etiquetas_pkey PRIMARY KEY (id);


--
-- Name: genero genero_pkey; Type: CONSTRAINT; Schema: public; Owner: gamestation_db_user
--

ALTER TABLE ONLY public.genero
    ADD CONSTRAINT genero_pkey PRIMARY KEY (id);


--
-- Name: idiomas idiomas_pkey; Type: CONSTRAINT; Schema: public; Owner: gamestation_db_user
--

ALTER TABLE ONLY public.idiomas
    ADD CONSTRAINT idiomas_pkey PRIMARY KEY (id);


--
-- Name: multimedia multimedia_pkey; Type: CONSTRAINT; Schema: public; Owner: gamestation_db_user
--

ALTER TABLE ONLY public.multimedia
    ADD CONSTRAINT multimedia_pkey PRIMARY KEY (id);


--
-- Name: notas notas_pkey; Type: CONSTRAINT; Schema: public; Owner: gamestation_db_user
--

ALTER TABLE ONLY public.notas
    ADD CONSTRAINT notas_pkey PRIMARY KEY (id);


--
-- Name: plataforma plataforma_pkey; Type: CONSTRAINT; Schema: public; Owner: gamestation_db_user
--

ALTER TABLE ONLY public.plataforma
    ADD CONSTRAINT plataforma_pkey PRIMARY KEY (id);


--
-- Name: post_categorias post_categorias_pkey; Type: CONSTRAINT; Schema: public; Owner: gamestation_db_user
--

ALTER TABLE ONLY public.post_categorias
    ADD CONSTRAINT post_categorias_pkey PRIMARY KEY (id_categoria, id_post);


--
-- Name: posts_etiquetas posts_etiquetas_pkey; Type: CONSTRAINT; Schema: public; Owner: gamestation_db_user
--

ALTER TABLE ONLY public.posts_etiquetas
    ADD CONSTRAINT posts_etiquetas_pkey PRIMARY KEY (id_etiqueta, id_post);


--
-- Name: posts_multimedia posts_multimedia_pkey; Type: CONSTRAINT; Schema: public; Owner: gamestation_db_user
--

ALTER TABLE ONLY public.posts_multimedia
    ADD CONSTRAINT posts_multimedia_pkey PRIMARY KEY (multimedia_id, post_id);


--
-- Name: posts posts_pkey; Type: CONSTRAINT; Schema: public; Owner: gamestation_db_user
--

ALTER TABLE ONLY public.posts
    ADD CONSTRAINT posts_pkey PRIMARY KEY (id);


--
-- Name: reacciones reacciones_pkey; Type: CONSTRAINT; Schema: public; Owner: gamestation_db_user
--

ALTER TABLE ONLY public.reacciones
    ADD CONSTRAINT reacciones_pkey PRIMARY KEY (id);


--
-- Name: roles roles_pkey; Type: CONSTRAINT; Schema: public; Owner: gamestation_db_user
--

ALTER TABLE ONLY public.roles
    ADD CONSTRAINT roles_pkey PRIMARY KEY (id);


--
-- Name: analista uk6uh9fqv2p7ndtwv3pbkxsruvl; Type: CONSTRAINT; Schema: public; Owner: gamestation_db_user
--

ALTER TABLE ONLY public.analista
    ADD CONSTRAINT uk6uh9fqv2p7ndtwv3pbkxsruvl UNIQUE (id_usuario);


--
-- Name: usuarios usuarios_pkey; Type: CONSTRAINT; Schema: public; Owner: gamestation_db_user
--

ALTER TABLE ONLY public.usuarios
    ADD CONSTRAINT usuarios_pkey PRIMARY KEY (id);


--
-- Name: videojuegos_genero videojuegos_genero_pkey; Type: CONSTRAINT; Schema: public; Owner: gamestation_db_user
--

ALTER TABLE ONLY public.videojuegos_genero
    ADD CONSTRAINT videojuegos_genero_pkey PRIMARY KEY (id_genero, id_videojuego);


--
-- Name: videojuegos_idioma videojuegos_idioma_pkey; Type: CONSTRAINT; Schema: public; Owner: gamestation_db_user
--

ALTER TABLE ONLY public.videojuegos_idioma
    ADD CONSTRAINT videojuegos_idioma_pkey PRIMARY KEY (id_idioma, id_videojuego);


--
-- Name: videojuegos_multimedia videojuegos_multimedia_pkey; Type: CONSTRAINT; Schema: public; Owner: gamestation_db_user
--

ALTER TABLE ONLY public.videojuegos_multimedia
    ADD CONSTRAINT videojuegos_multimedia_pkey PRIMARY KEY (multimedia_id, videojuego_id);


--
-- Name: videojuegos videojuegos_pkey; Type: CONSTRAINT; Schema: public; Owner: gamestation_db_user
--

ALTER TABLE ONLY public.videojuegos
    ADD CONSTRAINT videojuegos_pkey PRIMARY KEY (id);


--
-- Name: videojuegos_plataforma videojuegos_plataforma_pkey; Type: CONSTRAINT; Schema: public; Owner: gamestation_db_user
--

ALTER TABLE ONLY public.videojuegos_plataforma
    ADD CONSTRAINT videojuegos_plataforma_pkey PRIMARY KEY (id_plataforma, id_videojuego);


--
-- Name: videojuegos_multimedia fk1egjhrfi7bcm96mpuwy3pk24e; Type: FK CONSTRAINT; Schema: public; Owner: gamestation_db_user
--

ALTER TABLE ONLY public.videojuegos_multimedia
    ADD CONSTRAINT fk1egjhrfi7bcm96mpuwy3pk24e FOREIGN KEY (videojuego_id) REFERENCES public.videojuegos(id);


--
-- Name: posts fk1gnxq2dba6nvi2pmabu88cqqi; Type: FK CONSTRAINT; Schema: public; Owner: gamestation_db_user
--

ALTER TABLE ONLY public.posts
    ADD CONSTRAINT fk1gnxq2dba6nvi2pmabu88cqqi FOREIGN KEY (id_usuario) REFERENCES public.usuarios(id);


--
-- Name: comentarios fk1p19mnmrhsp25p79cg1o7oke5; Type: FK CONSTRAINT; Schema: public; Owner: gamestation_db_user
--

ALTER TABLE ONLY public.comentarios
    ADD CONSTRAINT fk1p19mnmrhsp25p79cg1o7oke5 FOREIGN KEY (id_usuario) REFERENCES public.usuarios(id);


--
-- Name: usuarios fk3kl77pehgupicftwfreqnjkll; Type: FK CONSTRAINT; Schema: public; Owner: gamestation_db_user
--

ALTER TABLE ONLY public.usuarios
    ADD CONSTRAINT fk3kl77pehgupicftwfreqnjkll FOREIGN KEY (id_rol) REFERENCES public.roles(id);


--
-- Name: videojuegos_multimedia fk49dbtyp8rniij1owd7c19vcky; Type: FK CONSTRAINT; Schema: public; Owner: gamestation_db_user
--

ALTER TABLE ONLY public.videojuegos_multimedia
    ADD CONSTRAINT fk49dbtyp8rniij1owd7c19vcky FOREIGN KEY (multimedia_id) REFERENCES public.multimedia(id);


--
-- Name: posts_multimedia fk4g4rbda6ghorogi59oyh0yvi2; Type: FK CONSTRAINT; Schema: public; Owner: gamestation_db_user
--

ALTER TABLE ONLY public.posts_multimedia
    ADD CONSTRAINT fk4g4rbda6ghorogi59oyh0yvi2 FOREIGN KEY (post_id) REFERENCES public.posts(id);


--
-- Name: videojuegos_idioma fk6fr4nx1xg879jkdehhe5kq0hn; Type: FK CONSTRAINT; Schema: public; Owner: gamestation_db_user
--

ALTER TABLE ONLY public.videojuegos_idioma
    ADD CONSTRAINT fk6fr4nx1xg879jkdehhe5kq0hn FOREIGN KEY (id_idioma) REFERENCES public.idiomas(id);


--
-- Name: posts fk6s3dvwvfmjj5wpsep1i2v1qcf; Type: FK CONSTRAINT; Schema: public; Owner: gamestation_db_user
--

ALTER TABLE ONLY public.posts
    ADD CONSTRAINT fk6s3dvwvfmjj5wpsep1i2v1qcf FOREIGN KEY (imagen_contenido_id) REFERENCES public.multimedia(id);


--
-- Name: analista fk8cpy143gav0xd19lewlqsf2uh; Type: FK CONSTRAINT; Schema: public; Owner: gamestation_db_user
--

ALTER TABLE ONLY public.analista
    ADD CONSTRAINT fk8cpy143gav0xd19lewlqsf2uh FOREIGN KEY (id_usuario) REFERENCES public.usuarios(id);


--
-- Name: videojuegos_plataforma fk8u1hoosgmfkg4nb3qv0dkhu99; Type: FK CONSTRAINT; Schema: public; Owner: gamestation_db_user
--

ALTER TABLE ONLY public.videojuegos_plataforma
    ADD CONSTRAINT fk8u1hoosgmfkg4nb3qv0dkhu99 FOREIGN KEY (id_plataforma) REFERENCES public.plataforma(id);


--
-- Name: notas fk93eunqe79v02yp9wgmcbe6bk1; Type: FK CONSTRAINT; Schema: public; Owner: gamestation_db_user
--

ALTER TABLE ONLY public.notas
    ADD CONSTRAINT fk93eunqe79v02yp9wgmcbe6bk1 FOREIGN KEY (id) REFERENCES public.posts(id);


--
-- Name: posts_etiquetas fk96pdit0vrj56iqme5a8cr0eke; Type: FK CONSTRAINT; Schema: public; Owner: gamestation_db_user
--

ALTER TABLE ONLY public.posts_etiquetas
    ADD CONSTRAINT fk96pdit0vrj56iqme5a8cr0eke FOREIGN KEY (id_etiqueta) REFERENCES public.etiquetas(id);


--
-- Name: posts fk_img_cont1; Type: FK CONSTRAINT; Schema: public; Owner: gamestation_db_user
--

ALTER TABLE ONLY public.posts
    ADD CONSTRAINT fk_img_cont1 FOREIGN KEY (imagen_contenido1_id) REFERENCES public.multimedia(id);


--
-- Name: posts fk_img_cont2; Type: FK CONSTRAINT; Schema: public; Owner: gamestation_db_user
--

ALTER TABLE ONLY public.posts
    ADD CONSTRAINT fk_img_cont2 FOREIGN KEY (imagen_contenido2_id) REFERENCES public.multimedia(id);


--
-- Name: posts fk_img_cont3; Type: FK CONSTRAINT; Schema: public; Owner: gamestation_db_user
--

ALTER TABLE ONLY public.posts
    ADD CONSTRAINT fk_img_cont3 FOREIGN KEY (imagen_contenido3_id) REFERENCES public.multimedia(id);


--
-- Name: posts_etiquetas fkckthk4i4jdw6wj8ois4dgj3dn; Type: FK CONSTRAINT; Schema: public; Owner: gamestation_db_user
--

ALTER TABLE ONLY public.posts_etiquetas
    ADD CONSTRAINT fkckthk4i4jdw6wj8ois4dgj3dn FOREIGN KEY (id_post) REFERENCES public.posts(id);


--
-- Name: videojuegos_plataforma fkdxv0uw3jrx1miul2myigoabij; Type: FK CONSTRAINT; Schema: public; Owner: gamestation_db_user
--

ALTER TABLE ONLY public.videojuegos_plataforma
    ADD CONSTRAINT fkdxv0uw3jrx1miul2myigoabij FOREIGN KEY (id_videojuego) REFERENCES public.videojuegos(id);


--
-- Name: posts fke0cfwgqw7f1v6e2htkxleydc8; Type: FK CONSTRAINT; Schema: public; Owner: gamestation_db_user
--

ALTER TABLE ONLY public.posts
    ADD CONSTRAINT fke0cfwgqw7f1v6e2htkxleydc8 FOREIGN KEY (miniatura_id) REFERENCES public.multimedia(id);


--
-- Name: posts fkehvxx4nxhti1fndbyarnh5oo8; Type: FK CONSTRAINT; Schema: public; Owner: gamestation_db_user
--

ALTER TABLE ONLY public.posts
    ADD CONSTRAINT fkehvxx4nxhti1fndbyarnh5oo8 FOREIGN KEY (id_videojuego) REFERENCES public.videojuegos(id);


--
-- Name: post_categorias fkeuwgbk2f49xw19j75ot28968b; Type: FK CONSTRAINT; Schema: public; Owner: gamestation_db_user
--

ALTER TABLE ONLY public.post_categorias
    ADD CONSTRAINT fkeuwgbk2f49xw19j75ot28968b FOREIGN KEY (id_post) REFERENCES public.posts(id);


--
-- Name: posts fkfvnv2y7v66tsh8cpgdwxtf8jp; Type: FK CONSTRAINT; Schema: public; Owner: gamestation_db_user
--

ALTER TABLE ONLY public.posts
    ADD CONSTRAINT fkfvnv2y7v66tsh8cpgdwxtf8jp FOREIGN KEY (portada_id) REFERENCES public.multimedia(id);


--
-- Name: reacciones fkgafi4n18v449iytpxw2eg8mi5; Type: FK CONSTRAINT; Schema: public; Owner: gamestation_db_user
--

ALTER TABLE ONLY public.reacciones
    ADD CONSTRAINT fkgafi4n18v449iytpxw2eg8mi5 FOREIGN KEY (id_usuario) REFERENCES public.usuarios(id);


--
-- Name: posts_multimedia fkis0ij992patqsbxtddo8yo607; Type: FK CONSTRAINT; Schema: public; Owner: gamestation_db_user
--

ALTER TABLE ONLY public.posts_multimedia
    ADD CONSTRAINT fkis0ij992patqsbxtddo8yo607 FOREIGN KEY (multimedia_id) REFERENCES public.multimedia(id);


--
-- Name: videojuegos_genero fkl56d7j8yl63yx5a5j3wo33iw8; Type: FK CONSTRAINT; Schema: public; Owner: gamestation_db_user
--

ALTER TABLE ONLY public.videojuegos_genero
    ADD CONSTRAINT fkl56d7j8yl63yx5a5j3wo33iw8 FOREIGN KEY (id_genero) REFERENCES public.genero(id);


--
-- Name: videojuegos_idioma fklnvgst45g5qoxgi2lxlys4gk7; Type: FK CONSTRAINT; Schema: public; Owner: gamestation_db_user
--

ALTER TABLE ONLY public.videojuegos_idioma
    ADD CONSTRAINT fklnvgst45g5qoxgi2lxlys4gk7 FOREIGN KEY (id_videojuego) REFERENCES public.videojuegos(id);


--
-- Name: videojuegos_genero fkos53srxj517qw9fjjrv6b0v8k; Type: FK CONSTRAINT; Schema: public; Owner: gamestation_db_user
--

ALTER TABLE ONLY public.videojuegos_genero
    ADD CONSTRAINT fkos53srxj517qw9fjjrv6b0v8k FOREIGN KEY (id_videojuego) REFERENCES public.videojuegos(id);


--
-- Name: reacciones fkoxycqed7g9wl1208ho0fxue3p; Type: FK CONSTRAINT; Schema: public; Owner: gamestation_db_user
--

ALTER TABLE ONLY public.reacciones
    ADD CONSTRAINT fkoxycqed7g9wl1208ho0fxue3p FOREIGN KEY (id_post) REFERENCES public.posts(id);


--
-- Name: comentarios fkpstyuakytev0ic7ke391i6ut9; Type: FK CONSTRAINT; Schema: public; Owner: gamestation_db_user
--

ALTER TABLE ONLY public.comentarios
    ADD CONSTRAINT fkpstyuakytev0ic7ke391i6ut9 FOREIGN KEY (id_post) REFERENCES public.posts(id);


--
-- Name: post_categorias fkth4b3ht1m2rl8smmjb3bjojr2; Type: FK CONSTRAINT; Schema: public; Owner: gamestation_db_user
--

ALTER TABLE ONLY public.post_categorias
    ADD CONSTRAINT fkth4b3ht1m2rl8smmjb3bjojr2 FOREIGN KEY (id_categoria) REFERENCES public.categorias(id);


--
-- PostgreSQL database dump complete
--

