--
-- PostgreSQL database dump
--

-- Dumped from database version 16.9 (Debian 16.9-1.pgdg120+1)
-- Dumped by pg_dump version 17.5

-- Started on 2025-06-03 17:55:17

SET statement_timeout = 0;
SET lock_timeout = 0;
SET idle_in_transaction_session_timeout = 0;
SET transaction_timeout = 0;
SET client_encoding = 'UTF8';
SET standard_conforming_strings = on;
SELECT pg_catalog.set_config('search_path', '', false);
SET check_function_bodies = false;
SET xmloption = content;
SET client_min_messages = warning;
SET row_security = off;

--
-- TOC entry 5 (class 2615 OID 2200)
-- Name: public; Type: SCHEMA; Schema: -; Owner: gamestation_db_user
--

-- *not* creating schema, since initdb creates it


ALTER SCHEMA public OWNER TO gamestation_db_user;

SET default_tablespace = '';

SET default_table_access_method = heap;

--
-- TOC entry 216 (class 1259 OID 16400)
-- Name: analista; Type: TABLE; Schema: public; Owner: gamestation_db_user
--

CREATE TABLE public.analista (
    id bigint NOT NULL,
    descripcion character varying(255),
    experiencia_laboral character varying(255),
    noticias_publicadas integer,
    id_usuario bigint NOT NULL
);


ALTER TABLE public.analista OWNER TO gamestation_db_user;

--
-- TOC entry 215 (class 1259 OID 16399)
-- Name: analista_id_seq; Type: SEQUENCE; Schema: public; Owner: gamestation_db_user
--

ALTER TABLE public.analista ALTER COLUMN id ADD GENERATED BY DEFAULT AS IDENTITY (
    SEQUENCE NAME public.analista_id_seq
    START WITH 1
    INCREMENT BY 1
    NO MINVALUE
    NO MAXVALUE
    CACHE 1
);


--
-- TOC entry 218 (class 1259 OID 16408)
-- Name: categorias; Type: TABLE; Schema: public; Owner: gamestation_db_user
--

CREATE TABLE public.categorias (
    id bigint NOT NULL,
    nombre character varying(255)
);


ALTER TABLE public.categorias OWNER TO gamestation_db_user;

--
-- TOC entry 217 (class 1259 OID 16407)
-- Name: categorias_id_seq; Type: SEQUENCE; Schema: public; Owner: gamestation_db_user
--

ALTER TABLE public.categorias ALTER COLUMN id ADD GENERATED BY DEFAULT AS IDENTITY (
    SEQUENCE NAME public.categorias_id_seq
    START WITH 1
    INCREMENT BY 1
    NO MINVALUE
    NO MAXVALUE
    CACHE 1
);


--
-- TOC entry 220 (class 1259 OID 16414)
-- Name: comentarios; Type: TABLE; Schema: public; Owner: gamestation_db_user
--

CREATE TABLE public.comentarios (
    id bigint NOT NULL,
    contenido character varying(255),
    fecha_creacion timestamp(6) without time zone,
    id_post bigint,
    id_usuario bigint
);


ALTER TABLE public.comentarios OWNER TO gamestation_db_user;

--
-- TOC entry 219 (class 1259 OID 16413)
-- Name: comentarios_id_seq; Type: SEQUENCE; Schema: public; Owner: gamestation_db_user
--

ALTER TABLE public.comentarios ALTER COLUMN id ADD GENERATED BY DEFAULT AS IDENTITY (
    SEQUENCE NAME public.comentarios_id_seq
    START WITH 1
    INCREMENT BY 1
    NO MINVALUE
    NO MAXVALUE
    CACHE 1
);


--
-- TOC entry 222 (class 1259 OID 16420)
-- Name: etiquetas; Type: TABLE; Schema: public; Owner: gamestation_db_user
--

CREATE TABLE public.etiquetas (
    id bigint NOT NULL,
    nombre character varying(255)
);


ALTER TABLE public.etiquetas OWNER TO gamestation_db_user;

--
-- TOC entry 221 (class 1259 OID 16419)
-- Name: etiquetas_id_seq; Type: SEQUENCE; Schema: public; Owner: gamestation_db_user
--

ALTER TABLE public.etiquetas ALTER COLUMN id ADD GENERATED BY DEFAULT AS IDENTITY (
    SEQUENCE NAME public.etiquetas_id_seq
    START WITH 1
    INCREMENT BY 1
    NO MINVALUE
    NO MAXVALUE
    CACHE 1
);


--
-- TOC entry 224 (class 1259 OID 16426)
-- Name: genero; Type: TABLE; Schema: public; Owner: gamestation_db_user
--

CREATE TABLE public.genero (
    id bigint NOT NULL,
    nombre character varying(255)
);


ALTER TABLE public.genero OWNER TO gamestation_db_user;

--
-- TOC entry 223 (class 1259 OID 16425)
-- Name: genero_id_seq; Type: SEQUENCE; Schema: public; Owner: gamestation_db_user
--

ALTER TABLE public.genero ALTER COLUMN id ADD GENERATED BY DEFAULT AS IDENTITY (
    SEQUENCE NAME public.genero_id_seq
    START WITH 1
    INCREMENT BY 1
    NO MINVALUE
    NO MAXVALUE
    CACHE 1
);


--
-- TOC entry 226 (class 1259 OID 16432)
-- Name: idiomas; Type: TABLE; Schema: public; Owner: gamestation_db_user
--

CREATE TABLE public.idiomas (
    id bigint NOT NULL,
    nombre character varying(255)
);


ALTER TABLE public.idiomas OWNER TO gamestation_db_user;

--
-- TOC entry 225 (class 1259 OID 16431)
-- Name: idiomas_id_seq; Type: SEQUENCE; Schema: public; Owner: gamestation_db_user
--

ALTER TABLE public.idiomas ALTER COLUMN id ADD GENERATED BY DEFAULT AS IDENTITY (
    SEQUENCE NAME public.idiomas_id_seq
    START WITH 1
    INCREMENT BY 1
    NO MINVALUE
    NO MAXVALUE
    CACHE 1
);


--
-- TOC entry 228 (class 1259 OID 16438)
-- Name: multimedia; Type: TABLE; Schema: public; Owner: gamestation_db_user
--

CREATE TABLE public.multimedia (
    id bigint NOT NULL,
    descripcion character varying(255),
    fecha_subida timestamp(6) without time zone,
    nombre character varying(255),
    tipo_contenido character varying(255),
    url character varying(255)
);


ALTER TABLE public.multimedia OWNER TO gamestation_db_user;

--
-- TOC entry 227 (class 1259 OID 16437)
-- Name: multimedia_id_seq; Type: SEQUENCE; Schema: public; Owner: gamestation_db_user
--

ALTER TABLE public.multimedia ALTER COLUMN id ADD GENERATED BY DEFAULT AS IDENTITY (
    SEQUENCE NAME public.multimedia_id_seq
    START WITH 1
    INCREMENT BY 1
    NO MINVALUE
    NO MAXVALUE
    CACHE 1
);


--
-- TOC entry 229 (class 1259 OID 16445)
-- Name: notas; Type: TABLE; Schema: public; Owner: gamestation_db_user
--

CREATE TABLE public.notas (
    id bigint NOT NULL,
    nombre character varying(255)
);


ALTER TABLE public.notas OWNER TO gamestation_db_user;

--
-- TOC entry 231 (class 1259 OID 16451)
-- Name: plataforma; Type: TABLE; Schema: public; Owner: gamestation_db_user
--

CREATE TABLE public.plataforma (
    id bigint NOT NULL,
    nombre character varying(255)
);


ALTER TABLE public.plataforma OWNER TO gamestation_db_user;

--
-- TOC entry 230 (class 1259 OID 16450)
-- Name: plataforma_id_seq; Type: SEQUENCE; Schema: public; Owner: gamestation_db_user
--

ALTER TABLE public.plataforma ALTER COLUMN id ADD GENERATED BY DEFAULT AS IDENTITY (
    SEQUENCE NAME public.plataforma_id_seq
    START WITH 1
    INCREMENT BY 1
    NO MINVALUE
    NO MAXVALUE
    CACHE 1
);


--
-- TOC entry 232 (class 1259 OID 16456)
-- Name: post_categorias; Type: TABLE; Schema: public; Owner: gamestation_db_user
--

CREATE TABLE public.post_categorias (
    id_categoria bigint NOT NULL,
    id_post bigint NOT NULL
);


ALTER TABLE public.post_categorias OWNER TO gamestation_db_user;

--
-- TOC entry 234 (class 1259 OID 16462)
-- Name: posts; Type: TABLE; Schema: public; Owner: gamestation_db_user
--

CREATE TABLE public.posts (
    id bigint NOT NULL,
    contenido character varying(255),
    descripcion character varying(255),
    fecha_publicacion date,
    subtitulo character varying(255),
    tipo character varying(255),
    titulo character varying(255),
    id_usuario bigint,
    id_videojuego bigint
);


ALTER TABLE public.posts OWNER TO gamestation_db_user;

--
-- TOC entry 235 (class 1259 OID 16469)
-- Name: posts_etiquetas; Type: TABLE; Schema: public; Owner: gamestation_db_user
--

CREATE TABLE public.posts_etiquetas (
    id_etiqueta bigint NOT NULL,
    id_post bigint NOT NULL
);


ALTER TABLE public.posts_etiquetas OWNER TO gamestation_db_user;

--
-- TOC entry 233 (class 1259 OID 16461)
-- Name: posts_id_seq; Type: SEQUENCE; Schema: public; Owner: gamestation_db_user
--

ALTER TABLE public.posts ALTER COLUMN id ADD GENERATED BY DEFAULT AS IDENTITY (
    SEQUENCE NAME public.posts_id_seq
    START WITH 1
    INCREMENT BY 1
    NO MINVALUE
    NO MAXVALUE
    CACHE 1
);


--
-- TOC entry 236 (class 1259 OID 16474)
-- Name: posts_multimedia; Type: TABLE; Schema: public; Owner: gamestation_db_user
--

CREATE TABLE public.posts_multimedia (
    multimedia_id bigint NOT NULL,
    post_id bigint NOT NULL
);


ALTER TABLE public.posts_multimedia OWNER TO gamestation_db_user;

--
-- TOC entry 238 (class 1259 OID 16480)
-- Name: reacciones; Type: TABLE; Schema: public; Owner: gamestation_db_user
--

CREATE TABLE public.reacciones (
    id bigint NOT NULL,
    fecha_creacion timestamp(6) without time zone,
    tipo character varying(255),
    id_post bigint,
    id_usuario bigint
);


ALTER TABLE public.reacciones OWNER TO gamestation_db_user;

--
-- TOC entry 237 (class 1259 OID 16479)
-- Name: reacciones_id_seq; Type: SEQUENCE; Schema: public; Owner: gamestation_db_user
--

ALTER TABLE public.reacciones ALTER COLUMN id ADD GENERATED BY DEFAULT AS IDENTITY (
    SEQUENCE NAME public.reacciones_id_seq
    START WITH 1
    INCREMENT BY 1
    NO MINVALUE
    NO MAXVALUE
    CACHE 1
);


--
-- TOC entry 240 (class 1259 OID 16486)
-- Name: roles; Type: TABLE; Schema: public; Owner: gamestation_db_user
--

CREATE TABLE public.roles (
    id bigint NOT NULL,
    rol character varying(255)
);


ALTER TABLE public.roles OWNER TO gamestation_db_user;

--
-- TOC entry 239 (class 1259 OID 16485)
-- Name: roles_id_seq; Type: SEQUENCE; Schema: public; Owner: gamestation_db_user
--

ALTER TABLE public.roles ALTER COLUMN id ADD GENERATED BY DEFAULT AS IDENTITY (
    SEQUENCE NAME public.roles_id_seq
    START WITH 1
    INCREMENT BY 1
    NO MINVALUE
    NO MAXVALUE
    CACHE 1
);


--
-- TOC entry 242 (class 1259 OID 16492)
-- Name: usuarios; Type: TABLE; Schema: public; Owner: gamestation_db_user
--

CREATE TABLE public.usuarios (
    id bigint NOT NULL,
    apellidos character varying(255),
    dni character varying(255),
    email character varying(255),
    fecha_nacimiento date,
    imagen character varying(255),
    nombre character varying(255),
    password character varying(255),
    id_rol bigint
);


ALTER TABLE public.usuarios OWNER TO gamestation_db_user;

--
-- TOC entry 241 (class 1259 OID 16491)
-- Name: usuarios_id_seq; Type: SEQUENCE; Schema: public; Owner: gamestation_db_user
--

ALTER TABLE public.usuarios ALTER COLUMN id ADD GENERATED BY DEFAULT AS IDENTITY (
    SEQUENCE NAME public.usuarios_id_seq
    START WITH 1
    INCREMENT BY 1
    NO MINVALUE
    NO MAXVALUE
    CACHE 1
);


--
-- TOC entry 244 (class 1259 OID 16500)
-- Name: videojuegos; Type: TABLE; Schema: public; Owner: gamestation_db_user
--

CREATE TABLE public.videojuegos (
    id bigint NOT NULL,
    compania character varying(255),
    descripcion character varying(255),
    duracion integer,
    imagen character varying(255),
    jugadores integer,
    lanzamiento date,
    titulo character varying(255)
);


ALTER TABLE public.videojuegos OWNER TO gamestation_db_user;

--
-- TOC entry 245 (class 1259 OID 16507)
-- Name: videojuegos_genero; Type: TABLE; Schema: public; Owner: gamestation_db_user
--

CREATE TABLE public.videojuegos_genero (
    id_genero bigint NOT NULL,
    id_videojuego bigint NOT NULL
);


ALTER TABLE public.videojuegos_genero OWNER TO gamestation_db_user;

--
-- TOC entry 243 (class 1259 OID 16499)
-- Name: videojuegos_id_seq; Type: SEQUENCE; Schema: public; Owner: gamestation_db_user
--

ALTER TABLE public.videojuegos ALTER COLUMN id ADD GENERATED BY DEFAULT AS IDENTITY (
    SEQUENCE NAME public.videojuegos_id_seq
    START WITH 1
    INCREMENT BY 1
    NO MINVALUE
    NO MAXVALUE
    CACHE 1
);


--
-- TOC entry 246 (class 1259 OID 16512)
-- Name: videojuegos_idioma; Type: TABLE; Schema: public; Owner: gamestation_db_user
--

CREATE TABLE public.videojuegos_idioma (
    id_idioma bigint NOT NULL,
    id_videojuego bigint NOT NULL
);


ALTER TABLE public.videojuegos_idioma OWNER TO gamestation_db_user;

--
-- TOC entry 247 (class 1259 OID 16517)
-- Name: videojuegos_multimedia; Type: TABLE; Schema: public; Owner: gamestation_db_user
--

CREATE TABLE public.videojuegos_multimedia (
    multimedia_id bigint NOT NULL,
    videojuego_id bigint NOT NULL
);


ALTER TABLE public.videojuegos_multimedia OWNER TO gamestation_db_user;

--
-- TOC entry 248 (class 1259 OID 16522)
-- Name: videojuegos_plataforma; Type: TABLE; Schema: public; Owner: gamestation_db_user
--

CREATE TABLE public.videojuegos_plataforma (
    id_plataforma bigint NOT NULL,
    id_videojuego bigint NOT NULL
);


ALTER TABLE public.videojuegos_plataforma OWNER TO gamestation_db_user;

--
-- TOC entry 3510 (class 0 OID 16400)
-- Dependencies: 216
-- Data for Name: analista; Type: TABLE DATA; Schema: public; Owner: gamestation_db_user
--

COPY public.analista (id, descripcion, experiencia_laboral, noticias_publicadas, id_usuario) FROM stdin;
\.


--
-- TOC entry 3512 (class 0 OID 16408)
-- Dependencies: 218
-- Data for Name: categorias; Type: TABLE DATA; Schema: public; Owner: gamestation_db_user
--

COPY public.categorias (id, nombre) FROM stdin;
\.


--
-- TOC entry 3514 (class 0 OID 16414)
-- Dependencies: 220
-- Data for Name: comentarios; Type: TABLE DATA; Schema: public; Owner: gamestation_db_user
--

COPY public.comentarios (id, contenido, fecha_creacion, id_post, id_usuario) FROM stdin;
\.


--
-- TOC entry 3516 (class 0 OID 16420)
-- Dependencies: 222
-- Data for Name: etiquetas; Type: TABLE DATA; Schema: public; Owner: gamestation_db_user
--

COPY public.etiquetas (id, nombre) FROM stdin;
\.


--
-- TOC entry 3518 (class 0 OID 16426)
-- Dependencies: 224
-- Data for Name: genero; Type: TABLE DATA; Schema: public; Owner: gamestation_db_user
--

COPY public.genero (id, nombre) FROM stdin;
\.


--
-- TOC entry 3520 (class 0 OID 16432)
-- Dependencies: 226
-- Data for Name: idiomas; Type: TABLE DATA; Schema: public; Owner: gamestation_db_user
--

COPY public.idiomas (id, nombre) FROM stdin;
\.


--
-- TOC entry 3522 (class 0 OID 16438)
-- Dependencies: 228
-- Data for Name: multimedia; Type: TABLE DATA; Schema: public; Owner: gamestation_db_user
--

COPY public.multimedia (id, descripcion, fecha_subida, nombre, tipo_contenido, url) FROM stdin;
\.


--
-- TOC entry 3523 (class 0 OID 16445)
-- Dependencies: 229
-- Data for Name: notas; Type: TABLE DATA; Schema: public; Owner: gamestation_db_user
--

COPY public.notas (id, nombre) FROM stdin;
\.


--
-- TOC entry 3525 (class 0 OID 16451)
-- Dependencies: 231
-- Data for Name: plataforma; Type: TABLE DATA; Schema: public; Owner: gamestation_db_user
--

COPY public.plataforma (id, nombre) FROM stdin;
\.


--
-- TOC entry 3526 (class 0 OID 16456)
-- Dependencies: 232
-- Data for Name: post_categorias; Type: TABLE DATA; Schema: public; Owner: gamestation_db_user
--

COPY public.post_categorias (id_categoria, id_post) FROM stdin;
\.


--
-- TOC entry 3528 (class 0 OID 16462)
-- Dependencies: 234
-- Data for Name: posts; Type: TABLE DATA; Schema: public; Owner: gamestation_db_user
--

COPY public.posts (id, contenido, descripcion, fecha_publicacion, subtitulo, tipo, titulo, id_usuario, id_videojuego) FROM stdin;
1	Un análisis profundo de la jugabilidad y el mundo abierto de Zelda.	Exploramos todos los secretos de Hyrule.	2024-06-01	La revolución de Zelda	analisis	Análisis de Breath of the Wild	5	1
2	God of War Ragnarok lleva la saga a un nuevo nivel.	Narrativa y combate mejorados.	2024-06-02	Kratos regresa	analisis	Análisis de God of War Ragnarok	6	2
3	Elden Ring redefine el género soulslike.	Dificultad y exploración en un mundo abierto.	2024-06-03	El reto definitivo	analisis	Análisis de Elden Ring	7	3
4	Cyberpunk 2077 tras sus parches: ¿vale la pena?	Rendimiento y contenido tras actualizaciones.	2024-06-04	Renacimiento futurista	analisis	Análisis de Cyberpunk 2077	8	4
5	GTA V sigue siendo un referente en sandbox.	Diversión sin límites en Los Santos.	2024-06-05	El sandbox definitivo	analisis	Análisis de GTA V	5	5
6	Minecraft y su impacto en la creatividad.	El juego que nunca pasa de moda.	2024-06-06	Construye tu mundo	analisis	Análisis de Minecraft	6	6
7	Fortnite: ¿sigue siendo el rey del battle royale?	Novedades y comunidad.	2024-06-07	El fenómeno Fortnite	analisis	Análisis de Fortnite	7	7
8	Counter-Strike: Global Offensive, el shooter táctico por excelencia.	Estrategia y precisión.	2024-06-08	El clásico competitivo	analisis	Análisis de CS:GO	8	8
9	EA Sports FC 24: el fútbol evoluciona.	Jugabilidad y novedades.	2024-06-09	El nuevo fútbol digital	analisis	Análisis de EA Sports FC 24	5	9
10	Super Mario Bros. Wonder: plataformas reinventadas.	Creatividad y diversión.	2024-06-10	Mario nunca falla	analisis	Análisis de Super Mario Bros. Wonder	6	10
11	La historia detrás del desarrollo de Resident Evil 4 Remake.	Entrevista con los desarrolladores.	2024-06-11	El regreso del terror	articulo	Resident Evil 4 Remake: tras las cámaras	7	11
12	Final Fantasy VII Remake y la nostalgia reinventada.	Comparativa con el original.	2024-06-12	Un clásico renovado	articulo	FFVII Remake: ¿mejor que el original?	8	12
13	Assassin’s Creed Valhalla: vikingos en el gaming.	La ambientación histórica en los videojuegos.	2024-06-13	Vikingos digitales	articulo	El impacto de AC Valhalla	5	13
14	Tekken 8 y la evolución de los juegos de lucha.	Nuevos personajes y mecánicas.	2024-06-14	Lucha sin límites	articulo	Tekken 8: lo que nos espera	6	14
15	Animal Crossing: New Horizons y la vida virtual.	El fenómeno social de Nintendo.	2024-06-15	Islas de creatividad	articulo	Animal Crossing: más que un juego	7	15
16	Marvel’s Spider-Man 2: balanceando expectativas.	Lo mejor y lo peor del juego.	2024-06-16	El héroe de Nueva York	articulo	Spider-Man 2: análisis a fondo	8	16
17	Diablo IV: el regreso del rey del RPG de acción.	Primeras impresiones tras el lanzamiento.	2024-06-17	Oscuridad y poder	articulo	Diablo IV: ¿vale la pena?	5	17
18	Mario Kart 8 Deluxe: diversión para todos.	El multijugador en Nintendo Switch.	2024-06-18	Carreras sin fin	articulo	Mario Kart 8 Deluxe: análisis	6	18
19	Starfield: explorando el espacio infinito.	¿Es el nuevo referente de los RPG espaciales?	2024-06-19	Más allá de las estrellas	articulo	Starfield: primeras impresiones	7	19
20	Baldur’s Gate 3 y el renacer del rol clásico.	El RPG táctico definitivo.	2024-06-20	El regreso del rol	articulo	Baldur’s Gate 3: análisis	8	20
21	Nintendo anuncia nuevo contenido para Zelda.	Expansión gratuita en camino.	2024-06-21	Más aventuras en Hyrule	noticia	Zelda recibe expansión	5	1
22	Sony confirma actualización para God of War Ragnarok.	Mejoras gráficas y de rendimiento.	2024-06-22	Actualización esperada	noticia	God of War Ragnarok se actualiza	6	2
23	Elden Ring supera los 20 millones de copias vendidas.	Un éxito global.	2024-06-23	Récord de ventas	noticia	Elden Ring arrasa en ventas	7	3
24	Cyberpunk 2077 recibe nuevo parche.	Soluciona bugs y añade contenido.	2024-06-24	Mejoras continuas	noticia	Cyberpunk 2077: nuevo parche	8	4
25	GTA V llega a una nueva generación de consolas.	Mejoras visuales y técnicas.	2024-06-25	GTA V no muere	noticia	GTA V: versión next-gen	5	5
26	Minecraft celebra su aniversario con evento especial.	Regalos y sorpresas para los jugadores.	2024-06-26	Fiesta en bloques	noticia	Minecraft: aniversario especial	6	6
27	Fortnite lanza colaboración con Marvel.	Nuevos skins y modos de juego.	2024-06-27	Colaboración épica	noticia	Fortnite x Marvel	7	7
28	CS:GO recibe actualización de mapas.	Nuevos escenarios para competir.	2024-06-28	Mapas renovados	noticia	CS:GO: nuevos mapas	8	8
29	EA Sports FC 24 añade modo carrera online.	Novedad para los fans del fútbol.	2024-06-29	Fútbol online	noticia	EA Sports FC 24: modo carrera	5	9
30	Super Mario Bros. Wonder bate récords de ventas.	El juego más vendido de la saga.	2024-06-30	Mario imparable	noticia	Super Mario Wonder: récord de ventas	6	10
\.


--
-- TOC entry 3529 (class 0 OID 16469)
-- Dependencies: 235
-- Data for Name: posts_etiquetas; Type: TABLE DATA; Schema: public; Owner: gamestation_db_user
--

COPY public.posts_etiquetas (id_etiqueta, id_post) FROM stdin;
\.


--
-- TOC entry 3530 (class 0 OID 16474)
-- Dependencies: 236
-- Data for Name: posts_multimedia; Type: TABLE DATA; Schema: public; Owner: gamestation_db_user
--

COPY public.posts_multimedia (multimedia_id, post_id) FROM stdin;
\.


--
-- TOC entry 3532 (class 0 OID 16480)
-- Dependencies: 238
-- Data for Name: reacciones; Type: TABLE DATA; Schema: public; Owner: gamestation_db_user
--

COPY public.reacciones (id, fecha_creacion, tipo, id_post, id_usuario) FROM stdin;
\.


--
-- TOC entry 3534 (class 0 OID 16486)
-- Dependencies: 240
-- Data for Name: roles; Type: TABLE DATA; Schema: public; Owner: gamestation_db_user
--

COPY public.roles (id, rol) FROM stdin;
1	administrador
2	analista
3	usuario
\.


--
-- TOC entry 3536 (class 0 OID 16492)
-- Dependencies: 242
-- Data for Name: usuarios; Type: TABLE DATA; Schema: public; Owner: gamestation_db_user
--

COPY public.usuarios (id, apellidos, dni, email, fecha_nacimiento, imagen, nombre, password, id_rol) FROM stdin;
5	Martínez León	56789012E	analista1@email.com	1985-01-15	\N	Analista1	$2a$12$oSc62XYZ0nWRxOmdZ5AnceCyiiPXWGyYCE90CbGTZIgyjCQQikJlC	2
6	Sánchez Vera	67890123F	analista2@email.com	1987-04-20	\N	Analista2	$2a$12$oSc62XYZ0nWRxOmdZ5AnceCyiiPXWGyYCE90CbGTZIgyjCQQikJlC	2
7	Moreno Ríos	78901234G	analista3@email.com	1991-07-30	\N	Analista3	$2a$12$oSc62XYZ0nWRxOmdZ5AnceCyiiPXWGyYCE90CbGTZIgyjCQQikJlC	2
8	Castro Peña	89012345H	analista4@email.com	1989-11-11	\N	Analista4	$2a$12$oSc62XYZ0nWRxOmdZ5AnceCyiiPXWGyYCE90CbGTZIgyjCQQikJlC	2
1	Pérez García	12345678A	juan.perez@email.com	1992-05-10	\N	Juan	$2a$12$p9VAZH/F0OP2lbk1JF.nfucXcxeMd1Od0WxB2Casp5n18jGCQB2hm	3
2	López Díaz	23456789B	ana.lopez@email.com	1995-08-22	\N	Ana	$2a$12$p9VAZH/F0OP2lbk1JF.nfucXcxeMd1Od0WxB2Casp5n18jGCQB2hm	3
3	Ruiz Torres	34567890C	carlos.ruiz@email.com	1990-12-01	\N	Carlos	$2a$12$p9VAZH/F0OP2lbk1JF.nfucXcxeMd1Od0WxB2Casp5n18jGCQB2hm	3
4	Gómez Sáez	45678901D	lucia.gomez@email.com	1998-03-15	\N	Lucía	$2a$12$p9VAZH/F0OP2lbk1JF.nfucXcxeMd1Od0WxB2Casp5n18jGCQB2hm	3
\.


--
-- TOC entry 3538 (class 0 OID 16500)
-- Dependencies: 244
-- Data for Name: videojuegos; Type: TABLE DATA; Schema: public; Owner: gamestation_db_user
--

COPY public.videojuegos (id, compania, descripcion, duracion, imagen, jugadores, lanzamiento, titulo) FROM stdin;
1	Nintendo	Aventura en mundo abierto	50	\N	1	2017-03-03	The Legend of Zelda: Breath of the Wild
2	Sony	Acción y aventura	25	\N	1	2022-11-09	God of War: Ragnarok
3	FromSoftware	RPG desafiante	60	\N	1	2022-02-25	Elden Ring
4	CD Projekt	RPG futurista	40	\N	1	2020-12-10	Cyberpunk 2077
5	Rockstar Games	Mundo abierto, crimen	80	\N	1	2013-09-17	Grand Theft Auto V
6	Mojang	Construcción y supervivencia	100	\N	4	2011-11-18	Minecraft
7	Epic Games	Battle Royale	30	\N	100	2017-07-25	Fortnite
8	Valve	Shooter táctico	20	\N	10	2012-08-21	Counter-Strike: Global Offensive
9	EA Sports	Fútbol	15	\N	4	2023-09-29	EA Sports FC 24
10	Nintendo	Plataformas	20	\N	4	2023-10-20	Super Mario Bros. Wonder
11	Capcom	Acción y terror	12	\N	1	2023-03-24	Resident Evil 4 Remake
12	Square Enix	RPG clásico	40	\N	1	2020-04-10	Final Fantasy VII Remake
13	Ubisoft	Acción y sigilo	35	\N	1	2020-11-10	Assassin’s Creed Valhalla
14	Bandai Namco	Lucha	10	\N	2	2023-01-26	Tekken 8
15	Nintendo	Simulación social	80	\N	1	2020-03-20	Animal Crossing: New Horizons
16	Insomniac Games	Acción y superhéroes	18	\N	1	2023-10-20	Marvel’s Spider-Man 2
17	Blizzard	RPG de acción	50	\N	4	2023-06-06	Diablo IV
18	Nintendo	Carreras	10	\N	4	2017-04-28	Mario Kart 8 Deluxe
19	Bethesda	RPG espacial	60	\N	1	2023-09-06	Starfield
20	Larian Studios	RPG táctico	100	\N	4	2023-08-03	Baldur’s Gate 3
\.


--
-- TOC entry 3539 (class 0 OID 16507)
-- Dependencies: 245
-- Data for Name: videojuegos_genero; Type: TABLE DATA; Schema: public; Owner: gamestation_db_user
--

COPY public.videojuegos_genero (id_genero, id_videojuego) FROM stdin;
\.


--
-- TOC entry 3540 (class 0 OID 16512)
-- Dependencies: 246
-- Data for Name: videojuegos_idioma; Type: TABLE DATA; Schema: public; Owner: gamestation_db_user
--

COPY public.videojuegos_idioma (id_idioma, id_videojuego) FROM stdin;
\.


--
-- TOC entry 3541 (class 0 OID 16517)
-- Dependencies: 247
-- Data for Name: videojuegos_multimedia; Type: TABLE DATA; Schema: public; Owner: gamestation_db_user
--

COPY public.videojuegos_multimedia (multimedia_id, videojuego_id) FROM stdin;
\.


--
-- TOC entry 3542 (class 0 OID 16522)
-- Dependencies: 248
-- Data for Name: videojuegos_plataforma; Type: TABLE DATA; Schema: public; Owner: gamestation_db_user
--

COPY public.videojuegos_plataforma (id_plataforma, id_videojuego) FROM stdin;
\.


--
-- TOC entry 3548 (class 0 OID 0)
-- Dependencies: 215
-- Name: analista_id_seq; Type: SEQUENCE SET; Schema: public; Owner: gamestation_db_user
--

SELECT pg_catalog.setval('public.analista_id_seq', 1, false);


--
-- TOC entry 3549 (class 0 OID 0)
-- Dependencies: 217
-- Name: categorias_id_seq; Type: SEQUENCE SET; Schema: public; Owner: gamestation_db_user
--

SELECT pg_catalog.setval('public.categorias_id_seq', 1, false);


--
-- TOC entry 3550 (class 0 OID 0)
-- Dependencies: 219
-- Name: comentarios_id_seq; Type: SEQUENCE SET; Schema: public; Owner: gamestation_db_user
--

SELECT pg_catalog.setval('public.comentarios_id_seq', 1, false);


--
-- TOC entry 3551 (class 0 OID 0)
-- Dependencies: 221
-- Name: etiquetas_id_seq; Type: SEQUENCE SET; Schema: public; Owner: gamestation_db_user
--

SELECT pg_catalog.setval('public.etiquetas_id_seq', 1, false);


--
-- TOC entry 3552 (class 0 OID 0)
-- Dependencies: 223
-- Name: genero_id_seq; Type: SEQUENCE SET; Schema: public; Owner: gamestation_db_user
--

SELECT pg_catalog.setval('public.genero_id_seq', 1, false);


--
-- TOC entry 3553 (class 0 OID 0)
-- Dependencies: 225
-- Name: idiomas_id_seq; Type: SEQUENCE SET; Schema: public; Owner: gamestation_db_user
--

SELECT pg_catalog.setval('public.idiomas_id_seq', 1, false);


--
-- TOC entry 3554 (class 0 OID 0)
-- Dependencies: 227
-- Name: multimedia_id_seq; Type: SEQUENCE SET; Schema: public; Owner: gamestation_db_user
--

SELECT pg_catalog.setval('public.multimedia_id_seq', 1, false);


--
-- TOC entry 3555 (class 0 OID 0)
-- Dependencies: 230
-- Name: plataforma_id_seq; Type: SEQUENCE SET; Schema: public; Owner: gamestation_db_user
--

SELECT pg_catalog.setval('public.plataforma_id_seq', 1, false);


--
-- TOC entry 3556 (class 0 OID 0)
-- Dependencies: 233
-- Name: posts_id_seq; Type: SEQUENCE SET; Schema: public; Owner: gamestation_db_user
--

SELECT pg_catalog.setval('public.posts_id_seq', 1, false);


--
-- TOC entry 3557 (class 0 OID 0)
-- Dependencies: 237
-- Name: reacciones_id_seq; Type: SEQUENCE SET; Schema: public; Owner: gamestation_db_user
--

SELECT pg_catalog.setval('public.reacciones_id_seq', 1, false);


--
-- TOC entry 3558 (class 0 OID 0)
-- Dependencies: 239
-- Name: roles_id_seq; Type: SEQUENCE SET; Schema: public; Owner: gamestation_db_user
--

SELECT pg_catalog.setval('public.roles_id_seq', 1, false);


--
-- TOC entry 3559 (class 0 OID 0)
-- Dependencies: 241
-- Name: usuarios_id_seq; Type: SEQUENCE SET; Schema: public; Owner: gamestation_db_user
--

SELECT pg_catalog.setval('public.usuarios_id_seq', 1, false);


--
-- TOC entry 3560 (class 0 OID 0)
-- Dependencies: 243
-- Name: videojuegos_id_seq; Type: SEQUENCE SET; Schema: public; Owner: gamestation_db_user
--

SELECT pg_catalog.setval('public.videojuegos_id_seq', 1, false);


--
-- TOC entry 3300 (class 2606 OID 16406)
-- Name: analista analista_pkey; Type: CONSTRAINT; Schema: public; Owner: gamestation_db_user
--

ALTER TABLE ONLY public.analista
    ADD CONSTRAINT analista_pkey PRIMARY KEY (id);


--
-- TOC entry 3304 (class 2606 OID 16412)
-- Name: categorias categorias_pkey; Type: CONSTRAINT; Schema: public; Owner: gamestation_db_user
--

ALTER TABLE ONLY public.categorias
    ADD CONSTRAINT categorias_pkey PRIMARY KEY (id);


--
-- TOC entry 3306 (class 2606 OID 16418)
-- Name: comentarios comentarios_pkey; Type: CONSTRAINT; Schema: public; Owner: gamestation_db_user
--

ALTER TABLE ONLY public.comentarios
    ADD CONSTRAINT comentarios_pkey PRIMARY KEY (id);


--
-- TOC entry 3308 (class 2606 OID 16424)
-- Name: etiquetas etiquetas_pkey; Type: CONSTRAINT; Schema: public; Owner: gamestation_db_user
--

ALTER TABLE ONLY public.etiquetas
    ADD CONSTRAINT etiquetas_pkey PRIMARY KEY (id);


--
-- TOC entry 3310 (class 2606 OID 16430)
-- Name: genero genero_pkey; Type: CONSTRAINT; Schema: public; Owner: gamestation_db_user
--

ALTER TABLE ONLY public.genero
    ADD CONSTRAINT genero_pkey PRIMARY KEY (id);


--
-- TOC entry 3312 (class 2606 OID 16436)
-- Name: idiomas idiomas_pkey; Type: CONSTRAINT; Schema: public; Owner: gamestation_db_user
--

ALTER TABLE ONLY public.idiomas
    ADD CONSTRAINT idiomas_pkey PRIMARY KEY (id);


--
-- TOC entry 3314 (class 2606 OID 16444)
-- Name: multimedia multimedia_pkey; Type: CONSTRAINT; Schema: public; Owner: gamestation_db_user
--

ALTER TABLE ONLY public.multimedia
    ADD CONSTRAINT multimedia_pkey PRIMARY KEY (id);


--
-- TOC entry 3316 (class 2606 OID 16449)
-- Name: notas notas_pkey; Type: CONSTRAINT; Schema: public; Owner: gamestation_db_user
--

ALTER TABLE ONLY public.notas
    ADD CONSTRAINT notas_pkey PRIMARY KEY (id);


--
-- TOC entry 3318 (class 2606 OID 16455)
-- Name: plataforma plataforma_pkey; Type: CONSTRAINT; Schema: public; Owner: gamestation_db_user
--

ALTER TABLE ONLY public.plataforma
    ADD CONSTRAINT plataforma_pkey PRIMARY KEY (id);


--
-- TOC entry 3320 (class 2606 OID 16460)
-- Name: post_categorias post_categorias_pkey; Type: CONSTRAINT; Schema: public; Owner: gamestation_db_user
--

ALTER TABLE ONLY public.post_categorias
    ADD CONSTRAINT post_categorias_pkey PRIMARY KEY (id_categoria, id_post);


--
-- TOC entry 3324 (class 2606 OID 16473)
-- Name: posts_etiquetas posts_etiquetas_pkey; Type: CONSTRAINT; Schema: public; Owner: gamestation_db_user
--

ALTER TABLE ONLY public.posts_etiquetas
    ADD CONSTRAINT posts_etiquetas_pkey PRIMARY KEY (id_etiqueta, id_post);


--
-- TOC entry 3326 (class 2606 OID 16478)
-- Name: posts_multimedia posts_multimedia_pkey; Type: CONSTRAINT; Schema: public; Owner: gamestation_db_user
--

ALTER TABLE ONLY public.posts_multimedia
    ADD CONSTRAINT posts_multimedia_pkey PRIMARY KEY (multimedia_id, post_id);


--
-- TOC entry 3322 (class 2606 OID 16468)
-- Name: posts posts_pkey; Type: CONSTRAINT; Schema: public; Owner: gamestation_db_user
--

ALTER TABLE ONLY public.posts
    ADD CONSTRAINT posts_pkey PRIMARY KEY (id);


--
-- TOC entry 3328 (class 2606 OID 16484)
-- Name: reacciones reacciones_pkey; Type: CONSTRAINT; Schema: public; Owner: gamestation_db_user
--

ALTER TABLE ONLY public.reacciones
    ADD CONSTRAINT reacciones_pkey PRIMARY KEY (id);


--
-- TOC entry 3330 (class 2606 OID 16490)
-- Name: roles roles_pkey; Type: CONSTRAINT; Schema: public; Owner: gamestation_db_user
--

ALTER TABLE ONLY public.roles
    ADD CONSTRAINT roles_pkey PRIMARY KEY (id);


--
-- TOC entry 3302 (class 2606 OID 16528)
-- Name: analista uk6uh9fqv2p7ndtwv3pbkxsruvl; Type: CONSTRAINT; Schema: public; Owner: gamestation_db_user
--

ALTER TABLE ONLY public.analista
    ADD CONSTRAINT uk6uh9fqv2p7ndtwv3pbkxsruvl UNIQUE (id_usuario);


--
-- TOC entry 3332 (class 2606 OID 16498)
-- Name: usuarios usuarios_pkey; Type: CONSTRAINT; Schema: public; Owner: gamestation_db_user
--

ALTER TABLE ONLY public.usuarios
    ADD CONSTRAINT usuarios_pkey PRIMARY KEY (id);


--
-- TOC entry 3336 (class 2606 OID 16511)
-- Name: videojuegos_genero videojuegos_genero_pkey; Type: CONSTRAINT; Schema: public; Owner: gamestation_db_user
--

ALTER TABLE ONLY public.videojuegos_genero
    ADD CONSTRAINT videojuegos_genero_pkey PRIMARY KEY (id_genero, id_videojuego);


--
-- TOC entry 3338 (class 2606 OID 16516)
-- Name: videojuegos_idioma videojuegos_idioma_pkey; Type: CONSTRAINT; Schema: public; Owner: gamestation_db_user
--

ALTER TABLE ONLY public.videojuegos_idioma
    ADD CONSTRAINT videojuegos_idioma_pkey PRIMARY KEY (id_idioma, id_videojuego);


--
-- TOC entry 3340 (class 2606 OID 16521)
-- Name: videojuegos_multimedia videojuegos_multimedia_pkey; Type: CONSTRAINT; Schema: public; Owner: gamestation_db_user
--

ALTER TABLE ONLY public.videojuegos_multimedia
    ADD CONSTRAINT videojuegos_multimedia_pkey PRIMARY KEY (multimedia_id, videojuego_id);


--
-- TOC entry 3334 (class 2606 OID 16506)
-- Name: videojuegos videojuegos_pkey; Type: CONSTRAINT; Schema: public; Owner: gamestation_db_user
--

ALTER TABLE ONLY public.videojuegos
    ADD CONSTRAINT videojuegos_pkey PRIMARY KEY (id);


--
-- TOC entry 3342 (class 2606 OID 16526)
-- Name: videojuegos_plataforma videojuegos_plataforma_pkey; Type: CONSTRAINT; Schema: public; Owner: gamestation_db_user
--

ALTER TABLE ONLY public.videojuegos_plataforma
    ADD CONSTRAINT videojuegos_plataforma_pkey PRIMARY KEY (id_plataforma, id_videojuego);


--
-- TOC entry 3362 (class 2606 OID 16629)
-- Name: videojuegos_multimedia fk1egjhrfi7bcm96mpuwy3pk24e; Type: FK CONSTRAINT; Schema: public; Owner: gamestation_db_user
--

ALTER TABLE ONLY public.videojuegos_multimedia
    ADD CONSTRAINT fk1egjhrfi7bcm96mpuwy3pk24e FOREIGN KEY (videojuego_id) REFERENCES public.videojuegos(id);


--
-- TOC entry 3349 (class 2606 OID 16559)
-- Name: posts fk1gnxq2dba6nvi2pmabu88cqqi; Type: FK CONSTRAINT; Schema: public; Owner: gamestation_db_user
--

ALTER TABLE ONLY public.posts
    ADD CONSTRAINT fk1gnxq2dba6nvi2pmabu88cqqi FOREIGN KEY (id_usuario) REFERENCES public.usuarios(id);


--
-- TOC entry 3344 (class 2606 OID 16539)
-- Name: comentarios fk1p19mnmrhsp25p79cg1o7oke5; Type: FK CONSTRAINT; Schema: public; Owner: gamestation_db_user
--

ALTER TABLE ONLY public.comentarios
    ADD CONSTRAINT fk1p19mnmrhsp25p79cg1o7oke5 FOREIGN KEY (id_usuario) REFERENCES public.usuarios(id);


--
-- TOC entry 3357 (class 2606 OID 16599)
-- Name: usuarios fk3kl77pehgupicftwfreqnjkll; Type: FK CONSTRAINT; Schema: public; Owner: gamestation_db_user
--

ALTER TABLE ONLY public.usuarios
    ADD CONSTRAINT fk3kl77pehgupicftwfreqnjkll FOREIGN KEY (id_rol) REFERENCES public.roles(id);


--
-- TOC entry 3363 (class 2606 OID 16624)
-- Name: videojuegos_multimedia fk49dbtyp8rniij1owd7c19vcky; Type: FK CONSTRAINT; Schema: public; Owner: gamestation_db_user
--

ALTER TABLE ONLY public.videojuegos_multimedia
    ADD CONSTRAINT fk49dbtyp8rniij1owd7c19vcky FOREIGN KEY (multimedia_id) REFERENCES public.multimedia(id);


--
-- TOC entry 3353 (class 2606 OID 16584)
-- Name: posts_multimedia fk4g4rbda6ghorogi59oyh0yvi2; Type: FK CONSTRAINT; Schema: public; Owner: gamestation_db_user
--

ALTER TABLE ONLY public.posts_multimedia
    ADD CONSTRAINT fk4g4rbda6ghorogi59oyh0yvi2 FOREIGN KEY (post_id) REFERENCES public.posts(id);


--
-- TOC entry 3360 (class 2606 OID 16614)
-- Name: videojuegos_idioma fk6fr4nx1xg879jkdehhe5kq0hn; Type: FK CONSTRAINT; Schema: public; Owner: gamestation_db_user
--

ALTER TABLE ONLY public.videojuegos_idioma
    ADD CONSTRAINT fk6fr4nx1xg879jkdehhe5kq0hn FOREIGN KEY (id_idioma) REFERENCES public.idiomas(id);


--
-- TOC entry 3343 (class 2606 OID 16529)
-- Name: analista fk8cpy143gav0xd19lewlqsf2uh; Type: FK CONSTRAINT; Schema: public; Owner: gamestation_db_user
--

ALTER TABLE ONLY public.analista
    ADD CONSTRAINT fk8cpy143gav0xd19lewlqsf2uh FOREIGN KEY (id_usuario) REFERENCES public.usuarios(id);


--
-- TOC entry 3364 (class 2606 OID 16634)
-- Name: videojuegos_plataforma fk8u1hoosgmfkg4nb3qv0dkhu99; Type: FK CONSTRAINT; Schema: public; Owner: gamestation_db_user
--

ALTER TABLE ONLY public.videojuegos_plataforma
    ADD CONSTRAINT fk8u1hoosgmfkg4nb3qv0dkhu99 FOREIGN KEY (id_plataforma) REFERENCES public.plataforma(id);


--
-- TOC entry 3346 (class 2606 OID 16544)
-- Name: notas fk93eunqe79v02yp9wgmcbe6bk1; Type: FK CONSTRAINT; Schema: public; Owner: gamestation_db_user
--

ALTER TABLE ONLY public.notas
    ADD CONSTRAINT fk93eunqe79v02yp9wgmcbe6bk1 FOREIGN KEY (id) REFERENCES public.posts(id);


--
-- TOC entry 3351 (class 2606 OID 16569)
-- Name: posts_etiquetas fk96pdit0vrj56iqme5a8cr0eke; Type: FK CONSTRAINT; Schema: public; Owner: gamestation_db_user
--

ALTER TABLE ONLY public.posts_etiquetas
    ADD CONSTRAINT fk96pdit0vrj56iqme5a8cr0eke FOREIGN KEY (id_etiqueta) REFERENCES public.etiquetas(id);


--
-- TOC entry 3352 (class 2606 OID 16574)
-- Name: posts_etiquetas fkckthk4i4jdw6wj8ois4dgj3dn; Type: FK CONSTRAINT; Schema: public; Owner: gamestation_db_user
--

ALTER TABLE ONLY public.posts_etiquetas
    ADD CONSTRAINT fkckthk4i4jdw6wj8ois4dgj3dn FOREIGN KEY (id_post) REFERENCES public.posts(id);


--
-- TOC entry 3365 (class 2606 OID 16639)
-- Name: videojuegos_plataforma fkdxv0uw3jrx1miul2myigoabij; Type: FK CONSTRAINT; Schema: public; Owner: gamestation_db_user
--

ALTER TABLE ONLY public.videojuegos_plataforma
    ADD CONSTRAINT fkdxv0uw3jrx1miul2myigoabij FOREIGN KEY (id_videojuego) REFERENCES public.videojuegos(id);


--
-- TOC entry 3350 (class 2606 OID 16564)
-- Name: posts fkehvxx4nxhti1fndbyarnh5oo8; Type: FK CONSTRAINT; Schema: public; Owner: gamestation_db_user
--

ALTER TABLE ONLY public.posts
    ADD CONSTRAINT fkehvxx4nxhti1fndbyarnh5oo8 FOREIGN KEY (id_videojuego) REFERENCES public.videojuegos(id);


--
-- TOC entry 3347 (class 2606 OID 16554)
-- Name: post_categorias fkeuwgbk2f49xw19j75ot28968b; Type: FK CONSTRAINT; Schema: public; Owner: gamestation_db_user
--

ALTER TABLE ONLY public.post_categorias
    ADD CONSTRAINT fkeuwgbk2f49xw19j75ot28968b FOREIGN KEY (id_post) REFERENCES public.posts(id);


--
-- TOC entry 3355 (class 2606 OID 16594)
-- Name: reacciones fkgafi4n18v449iytpxw2eg8mi5; Type: FK CONSTRAINT; Schema: public; Owner: gamestation_db_user
--

ALTER TABLE ONLY public.reacciones
    ADD CONSTRAINT fkgafi4n18v449iytpxw2eg8mi5 FOREIGN KEY (id_usuario) REFERENCES public.usuarios(id);


--
-- TOC entry 3354 (class 2606 OID 16579)
-- Name: posts_multimedia fkis0ij992patqsbxtddo8yo607; Type: FK CONSTRAINT; Schema: public; Owner: gamestation_db_user
--

ALTER TABLE ONLY public.posts_multimedia
    ADD CONSTRAINT fkis0ij992patqsbxtddo8yo607 FOREIGN KEY (multimedia_id) REFERENCES public.multimedia(id);


--
-- TOC entry 3358 (class 2606 OID 16604)
-- Name: videojuegos_genero fkl56d7j8yl63yx5a5j3wo33iw8; Type: FK CONSTRAINT; Schema: public; Owner: gamestation_db_user
--

ALTER TABLE ONLY public.videojuegos_genero
    ADD CONSTRAINT fkl56d7j8yl63yx5a5j3wo33iw8 FOREIGN KEY (id_genero) REFERENCES public.genero(id);


--
-- TOC entry 3361 (class 2606 OID 16619)
-- Name: videojuegos_idioma fklnvgst45g5qoxgi2lxlys4gk7; Type: FK CONSTRAINT; Schema: public; Owner: gamestation_db_user
--

ALTER TABLE ONLY public.videojuegos_idioma
    ADD CONSTRAINT fklnvgst45g5qoxgi2lxlys4gk7 FOREIGN KEY (id_videojuego) REFERENCES public.videojuegos(id);


--
-- TOC entry 3359 (class 2606 OID 16609)
-- Name: videojuegos_genero fkos53srxj517qw9fjjrv6b0v8k; Type: FK CONSTRAINT; Schema: public; Owner: gamestation_db_user
--

ALTER TABLE ONLY public.videojuegos_genero
    ADD CONSTRAINT fkos53srxj517qw9fjjrv6b0v8k FOREIGN KEY (id_videojuego) REFERENCES public.videojuegos(id);


--
-- TOC entry 3356 (class 2606 OID 16589)
-- Name: reacciones fkoxycqed7g9wl1208ho0fxue3p; Type: FK CONSTRAINT; Schema: public; Owner: gamestation_db_user
--

ALTER TABLE ONLY public.reacciones
    ADD CONSTRAINT fkoxycqed7g9wl1208ho0fxue3p FOREIGN KEY (id_post) REFERENCES public.posts(id);


--
-- TOC entry 3345 (class 2606 OID 16534)
-- Name: comentarios fkpstyuakytev0ic7ke391i6ut9; Type: FK CONSTRAINT; Schema: public; Owner: gamestation_db_user
--

ALTER TABLE ONLY public.comentarios
    ADD CONSTRAINT fkpstyuakytev0ic7ke391i6ut9 FOREIGN KEY (id_post) REFERENCES public.posts(id);


--
-- TOC entry 3348 (class 2606 OID 16549)
-- Name: post_categorias fkth4b3ht1m2rl8smmjb3bjojr2; Type: FK CONSTRAINT; Schema: public; Owner: gamestation_db_user
--

ALTER TABLE ONLY public.post_categorias
    ADD CONSTRAINT fkth4b3ht1m2rl8smmjb3bjojr2 FOREIGN KEY (id_categoria) REFERENCES public.categorias(id);


--
-- TOC entry 2131 (class 826 OID 16391)
-- Name: DEFAULT PRIVILEGES FOR SEQUENCES; Type: DEFAULT ACL; Schema: -; Owner: postgres
--

ALTER DEFAULT PRIVILEGES FOR ROLE postgres GRANT ALL ON SEQUENCES TO gamestation_db_user;


--
-- TOC entry 2133 (class 826 OID 16393)
-- Name: DEFAULT PRIVILEGES FOR TYPES; Type: DEFAULT ACL; Schema: -; Owner: postgres
--

ALTER DEFAULT PRIVILEGES FOR ROLE postgres GRANT ALL ON TYPES TO gamestation_db_user;


--
-- TOC entry 2132 (class 826 OID 16392)
-- Name: DEFAULT PRIVILEGES FOR FUNCTIONS; Type: DEFAULT ACL; Schema: -; Owner: postgres
--

ALTER DEFAULT PRIVILEGES FOR ROLE postgres GRANT ALL ON FUNCTIONS TO gamestation_db_user;


--
-- TOC entry 2130 (class 826 OID 16390)
-- Name: DEFAULT PRIVILEGES FOR TABLES; Type: DEFAULT ACL; Schema: -; Owner: postgres
--

ALTER DEFAULT PRIVILEGES FOR ROLE postgres GRANT SELECT,INSERT,REFERENCES,DELETE,TRIGGER,TRUNCATE,UPDATE ON TABLES TO gamestation_db_user;


-- Completed on 2025-06-03 17:55:22

--
-- PostgreSQL database dump complete
--

